SALE TYPE,SOLD DATE,PROPERTY TYPE,ADDRESS,CITY,STATE OR PROVINCE,ZIP OR POSTAL CODE,PRICE,BEDS,BATHS,LOCATION,SQUARE FEET,LOT SIZE,YEAR BUILT,DAYS ON MARKET,$/SQUARE FEET,HOA/MONTH,STATUS,NEXT OPEN HOUSE START TIME,NEXT OPEN HOUSE END TIME,URL (SEE http://www.redfin.com/buy-a-home/comparative-market-analysis FOR INFO ON PRICING),SOURCE,MLS#,FAVORITE,INTERESTED,LATITUDE,LONGITUDE
MLS Listing,,Condo/Co-op,444 W Fullerton Pkwy #507,Chicago,IL,60614,245000,1,1.0,CHI - Lincoln Park,850,,1975,1,288,596,Active,October-16-2021 11:00 AM,October-16-2021 01:00 PM,http://www.redfin.com/IL/Chicago/444-W-Fullerton-Pkwy-60614/unit-507/home/12774382,MRED,11246357,N,Y,41.9258117,-87.6410069
MLS Listing,,Condo/Co-op,1735 W Diversey Pkwy #205,Chicago,IL,60614,395000,2,2.0,CHI - Lincoln Park,,,1978,8,,444,Active,,,http://www.redfin.com/IL/Chicago/1735-W-Diversey-Pkwy-60614/unit-205/home/12753592,MRED,11240178,N,Y,41.9321719,-87.6725303
MLS Listing,,Condo/Co-op,2350 N Cleveland Ave Unit 1N,Chicago,IL,60614,375000,2,1.0,Victorian Landmark Condos,1300,,1886,10,288,258,Active,October-16-2021 12:00 PM,October-16-2021 02:00 PM,http://www.redfin.com/IL/Chicago/2350-N-Cleveland-Ave-60614/unit-1N/home/12564134,MRED,11233993,N,Y,41.9251721,-87.6416572
MLS Listing,,Condo/Co-op,2225 N Halsted St Unit G8,Chicago,IL,60614,179900,1,1.0,CHI - Lincoln Park,600,,1892,14,300,268,Active,,,http://www.redfin.com/IL/Chicago/2225-N-Halsted-St-60614/unit-G8/home/13350712,MRED,11235509,N,Y,41.9226585,-87.6483617
MLS Listing,,Condo/Co-op,2020 N Lincoln Park West Ave Unit 38ML,Chicago,IL,60614,849900,2,2.5,CHI - Lincoln Park,1700,,1971,16,500,1775,Active,,,http://www.redfin.com/IL/Chicago/2020-N-Lincoln-Park-W-60614/unit-38ML/home/175821884,MRED,11232858,N,Y,41.9190336,-87.6363484
MLS Listing,,Condo/Co-op,1701 N Sheffield Ave #301,Chicago,IL,60614,250000,2,1.0,CHI - Lincoln Park,888,,1880,18,282,359,Active,,,http://www.redfin.com/IL/Chicago/1701-N-Sheffield-Ave-60614/unit-301/home/144978249,MRED,11230911,N,Y,41.9118761,-87.6528271
MLS Listing,,Condo/Co-op,2474 N Lincoln Ave Unit 2S,Chicago,IL,60614,949900,3,2.0,CHI - Lincoln Park,,,2018,23,,315,Active,October-17-2021 11:00 AM,October-17-2021 01:00 PM,http://www.redfin.com/IL/Chicago/2474-N-Lincoln-Ave-60614/unit-2S/home/145123592,MRED,11218532,N,Y,41.9269577,-87.6512292
MLS Listing,,Condo/Co-op,1951 N Cleveland Ave Unit 2N,Chicago,IL,60614,579000,2,2.0,CHI - Lincoln Park,,,,29,,384,Active,,,http://www.redfin.com/IL/Chicago/1951-N-Cleveland-Ave-60614/unit-2N/home/13345925,MRED,11220726,N,Y,41.9179495,-87.6409698
MLS Listing,,Townhouse,2718 N Southport Ave Unit A,Chicago,IL,60614,845000,4,3.0,CHI - Lincoln Park,2700,,1993,31,313,347,Active,,,http://www.redfin.com/IL/Chicago/2718-N-Southport-Ave-60614/unit-A/home/144942546,MRED,11218367,N,Y,41.931262,-87.663739
MLS Listing,,Condo/Co-op,1735 W Diversey Pkwy #115,Chicago,IL,60614,370000,2,2.0,CHI - Lincoln Park,1250,,1978,37,296,373,Active,,,http://www.redfin.com/IL/Chicago/1735-W-Diversey-Pkwy-60614/unit-115/home/12772262,MRED,11181989,N,Y,41.9321719,-87.6725303
MLS Listing,,Condo/Co-op,1101 W Armitage Ave #208,Chicago,IL,60614,724900,2,2.5,CHI - Lincoln Park,1800,,1929,45,403,458,Active,October-16-2021 12:00 PM,October-16-2021 02:00 PM,http://www.redfin.com/IL/Chicago/1101-W-Armitage-Ave-60614/unit-208/home/13351806,MRED,11205005,N,Y,41.9178637,-87.6557605
MLS Listing,,Condo/Co-op,444 W Fullerton Pkwy #404,Chicago,IL,60614,319900,2,1.5,CHI - Lincoln Park,,,1975,77,,1010,Active,,,http://www.redfin.com/IL/Chicago/444-W-Fullerton-Pkwy-60614/unit-404/home/12773169,MRED,11173972,N,Y,41.9258117,-87.6410069
MLS Listing,,Condo/Co-op,2626 N Lakeview Ave #212,Chicago,IL,60614,339000,2,2.0,CHI - Lincoln Park,,,1968,92,,1038,Active,,,http://www.redfin.com/IL/Chicago/2626-N-Lakeview-Ave-60614/unit-212/home/13367023,MRED,11148803,N,Y,41.930388,-87.639456
MLS Listing,,Single Family Residential,2325 N Halsted St,Chicago,IL,60614,895000,3,4.0,CHI - Lincoln Park,3000,1176,1891,116,298,,Active,,,http://www.redfin.com/IL/Chicago/2325-N-Halsted-St-60614/home/144509850,MRED,11108687,N,Y,41.924373,-87.648469
MLS Listing,,Townhouse,2675 N Greenview Ave Unit F,Chicago,IL,60614,785000,3,3.0,Tamerlane,2155,,1994,1,364,235,Active,October-17-2021 12:00 PM,October-17-2021 02:00 PM,http://www.redfin.com/IL/Chicago/2675-N-Greenview-Ave-60614/unit-F/home/13363290,MRED,11235590,N,Y,41.9307157,-87.665068
MLS Listing,,Vacant Land,1965 N Burling St,Chicago,IL,60614,1950000,,,CHI - Lincoln Park,,3049,,1,,,Active,,,http://www.redfin.com/IL/Chicago/1965-N-Burling-St-60614/home/13346992,MRED,11247814,N,Y,41.9178759,-87.647043
MLS Listing,,Condo/Co-op,1122 W Armitage Ave #401,Chicago,IL,60614,639000,2,2.0,CHI - Lincoln Park,1650,,1995,1,387,392,Active,October-17-2021 12:00 PM,October-17-2021 01:30 PM,http://www.redfin.com/IL/Chicago/1122-W-Armitage-Ave-60614/unit-401/home/13352598,MRED,11247607,N,Y,41.9183338,-87.6564048
MLS Listing,,Townhouse,1617 N Larrabee St,Chicago,IL,60614,675000,3,3.0,Larrabee Commons,2200,,1990,1,307,489,Active,October-16-2021 12:00 PM,October-16-2021 02:00 PM,http://www.redfin.com/IL/Chicago/1617-N-Larrabee-St-60614/home/13345405,MRED,11247326,N,Y,41.9116703,-87.6428857
MLS Listing,,Condo/Co-op,924 W Fullerton Ave #1,Chicago,IL,60614,699900,3,3.0,Lincoln Park 2520,2400,,1891,1,292,195,Active,,,http://www.redfin.com/IL/Chicago/924-W-Fullerton-Ave-60614/unit-1/home/12585060,MRED,11247330,N,Y,41.9256626,-87.6522749
MLS Listing,,Condo/Co-op,2728 N Hampden Ct #1704,Chicago,IL,60614,142995,0,1.0,Hampden Green,,,1970,1,,339,Active,,,http://www.redfin.com/IL/Chicago/2728-N-Hampden-Ct-60614/unit-1704/home/13368119,MRED,11246991,N,Y,41.9310983,-87.6426204
MLS Listing,,Condo/Co-op,235 W Eugenie St Unit T2,Chicago,IL,60614,499000,2,1.5,CHI - Lincoln Park,1350,,1962,1,370,334,Active,,,http://www.redfin.com/IL/Chicago/235-W-Eugenie-St-60614/unit-T2/home/13344190,MRED,11246417,N,Y,41.912609,-87.636362
MLS Listing,,Condo/Co-op,350 W Belden Ave #408,Chicago,IL,60614,375000,2,2.0,Belden Centre,1200,,1991,1,313,691,Active,,,http://www.redfin.com/IL/Chicago/350-W-Belden-Ave-60614/unit-408/home/167584991,MRED,11246409,N,Y,41.9242493,-87.6388432
MLS Listing,,Condo/Co-op,2000 N Lincoln Park West St #314,Chicago,IL,60614,225000,1,1.0,CHI - Lincoln Park,950,,1931,1,237,725,Active,,,http://www.redfin.com/IL/Chicago/2000-N-Lincoln-Park-W-60614/unit-314/home/12663639,MRED,11246341,N,Y,41.9199016,-87.6365672
MLS Listing,,Condo/Co-op,2215 N Bissell St Unit 2A,Chicago,IL,60614,285000,1,1.0,Depaul,,,1925,1,,119,Active,,,http://www.redfin.com/IL/Chicago/2215-N-Bissell-St-60614/unit-2A/home/12726373,MRED,11246272,N,Y,41.9222536,-87.6520075
MLS Listing,,Condo/Co-op,644 W Arlington Pl Unit 2G,Chicago,IL,60614,185000,1,1.0,CHI - Lincoln Park,,,1972,1,,362,Active,,,http://www.redfin.com/IL/Chicago/644-W-Arlington-Pl-60614/unit-2G/home/13367518,MRED,11246220,N,Y,41.9269784,-87.6457025
MLS Listing,,Single Family Residential,1444 W Altgeld St,Chicago,IL,60614,1495000,4,3.5,CHI - Lincoln Park,,3123,1986,1,,,Active,October-16-2021 01:00 PM,October-16-2021 03:00 PM,http://www.redfin.com/IL/Chicago/1444-W-Altgeld-St-60614/home/13362500,MRED,11246047,N,Y,41.9272405,-87.6651063
MLS Listing,,Condo/Co-op,2237 N Clybourn Ave #2,Chicago,IL,60614,475000,2,2.0,CHI - Lincoln Park,1400,,2007,2,339,138,Active,,,http://www.redfin.com/IL/Chicago/2237-N-Clybourn-Ave-60614/unit-2/home/26810148,MRED,11245848,N,Y,41.9224788,-87.6651756
MLS Listing,,Condo/Co-op,836 W Fullerton Ave Unit 1E,Chicago,IL,60614,799900,4,3.0,CHI - Lincoln Park,3000,,1999,2,267,292,Active,,,http://www.redfin.com/IL/Chicago/836-W-Fullerton-Ave-60614/unit-1E/home/12771632,MRED,11245539,N,Y,41.925605252,-87.65035098
MLS Listing,,Condo/Co-op,2020 N Burling St #303,Chicago,IL,60614,275000,1,1.0,Burling on the Park,,,1931,2,,339,Active,October-16-2021 01:30 PM,October-16-2021 03:00 PM,http://www.redfin.com/IL/Chicago/2020-N-Burling-St-60614/unit-303/home/13349657,MRED,11239835,N,Y,41.918847,-87.647745
MLS Listing,,Condo/Co-op,1555 W Montana St Unit 4N,Chicago,IL,60614,1450000,3,2.0,CHI - Lincoln Park,2400,,2005,2,604,495,Active,,,http://www.redfin.com/IL/Chicago/1555-W-Montana-St-60614/unit-4N/home/12621623,MRED,11245506,N,Y,41.925884,-87.6678245
MLS Listing,,Condo/Co-op,628 W Schubert Ave Unit 1F,Chicago,IL,60614,374900,2,1.0,CHI - Lincoln Park,,,1893,2,,250,Active,October-16-2021 12:00 PM,October-16-2021 02:00 PM,http://www.redfin.com/IL/Chicago/628-W-Schubert-Ave-60614/unit-1F/home/22060771,MRED,11245516,N,Y,41.9317633,-87.6457237
MLS Listing,,Condo/Co-op,2025 N Magnolia Ave #3,Chicago,IL,60614,695000,3,3.0,CHI - Lincoln Park,1800,,1997,2,386,196,Active,October-16-2021 11:00 AM,October-16-2021 01:00 PM,http://www.redfin.com/IL/Chicago/2025-N-Magnolia-Ave-60614/unit-3/home/176720280,MRED,11245349,N,Y,41.9188124,-87.6591342
MLS Listing,,Condo/Co-op,444 W Fullerton Pkwy #1504,Chicago,IL,60614,359900,2,1.5,CHI - Lincoln Park,,,1975,2,,1043,Active,,,http://www.redfin.com/IL/Chicago/444-W-Fullerton-Pkwy-60614/unit-1504/home/12771575,MRED,11245264,N,Y,41.9258117,-87.6410069
MLS Listing,,Condo/Co-op,2600 N Lakeview Ave Unit 2F,Chicago,IL,60614,789000,3,3.0,Marlborough,2600,,1912,2,303,1985,Active,,,http://www.redfin.com/IL/Chicago/2600-N-Lakeview-Ave-60614/unit-2F/home/13365378,MRED,11245042,N,Y,41.9299188,-87.639729
MLS Listing,,Condo/Co-op,2214 N Sedgwick St Unit 2S,Chicago,IL,60614,275000,1,1.0,CHI - Lincoln Park,,,,2,,191,Active,October-16-2021 01:00 PM,October-16-2021 02:30 PM,http://www.redfin.com/IL/Chicago/2214-N-Sedgwick-St-60614/unit-2S/home/18921606,MRED,11244913,N,Y,41.9224849,-87.6392609
MLS Listing,,Condo/Co-op,2506 N Southport Ave #3,Chicago,IL,60614,739900,2,2.0,CHI - Lincoln Park,,,2020,2,,200,Active,October-17-2021 11:00 AM,October-17-2021 01:00 PM,http://www.redfin.com/IL/Chicago/2506-N-Southport-Ave-60614/unit-3/home/170216110,MRED,11233591,N,Y,41.927293,-87.66373
MLS Listing,,Condo/Co-op,2762 N Lincoln Ave #302,Chicago,IL,60614,475000,2,2.0,Delta on Lincoln,1600,,1997,3,297,395,Active,,,http://www.redfin.com/IL/Chicago/2762-N-Lincoln-Ave-60614/unit-302/home/12726550,MRED,11205849,N,Y,41.9317599,-87.6579967
MLS Listing,,Townhouse,2233 N Clifton Ave N Unit B,Chicago,IL,60614,399000,3,2.0,CHI - Lincoln Park,,,1973,3,,,Active,,,http://www.redfin.com/IL/Chicago/2233-N-Clifton-Ave-60614/unit-B/home/13353016,MRED,11244805,N,Y,41.922671,-87.656832
MLS Listing,,Condo/Co-op,644 W Arlington Pl Unit 4J,Chicago,IL,60614,187000,1,1.0,CHI - Lincoln Park,606,,1974,3,309,27980,Active,,,http://www.redfin.com/IL/Chicago/644-W-Arlington-Pl-60614/unit-4J/home/13367895,MRED,11244770,N,Y,41.9269784,-87.6457025
MLS Listing,,Townhouse,2631 N Hartland Ct,Chicago,IL,60614,849000,5,4.5,Hartland Park,3400,,2007,3,250,350,Active,,,http://www.redfin.com/IL/Chicago/2631-N-Hartland-Ct-60614/unit-25/home/12638341,MRED,11244640,N,Y,41.9296127,-87.6724279
MLS Listing,,Condo/Co-op,1960 N Lincoln Park West Ave #801,Chicago,IL,60614,210000,1,1.0,CHI - Lincoln Park,750,,1972,3,280,593,Active,,,http://www.redfin.com/IL/Chicago/1960-N-Lincoln-Park-W-60614/unit-801/home/13346435,MRED,11244605,N,Y,41.918107,-87.636887
MLS Listing,,Condo/Co-op,2714 N Lehmann Ct Unit 2S,Chicago,IL,60614,500000,2,2.0,CHI - Lincoln Park,1307,,2006,3,383,291,Active,October-16-2021 11:00 AM,October-16-2021 01:00 PM,http://www.redfin.com/IL/Chicago/2714-N-Lehmann-Ct-60614/unit-2S/home/13138670,MRED,11244528,N,Y,41.9320911,-87.6438165
MLS Listing,,Condo/Co-op,2547 N Clark St Unit 1N,Chicago,IL,60614,400000,2,2.0,CHI - Lincoln Park,1200,,,3,333,,Active,October-16-2021 12:00 PM,October-16-2021 02:00 PM,http://www.redfin.com/IL/Chicago/2547-N-Clark-St-60614/unit-1N/home/18914840,MRED,11244423,N,Y,41.929161,-87.64213
MLS Listing,,Condo/Co-op,1735 W Diversey Pkwy #515,Chicago,IL,60614,379999,2,2.0,CHI - Lincoln Park,,,1978,3,,416,Active,,,http://www.redfin.com/IL/Chicago/1735-W-Diversey-Pkwy-60614/unit-515/home/12740738,MRED,11244306,N,Y,41.9321719,-87.6725303
MLS Listing,,Condo/Co-op,823 W Lill Ave Unit 1N,Chicago,IL,60614,350000,2,2.0,CHI - Lincoln Park,,,1999,3,,207,Active,,,http://www.redfin.com/IL/Chicago/823-W-Lill-Ave-60614/unit-1N/home/12772192,MRED,11244249,N,Y,41.9279594,-87.6499818
MLS Listing,,Condo/Co-op,2225 N Halsted St N #14,Chicago,IL,60614,225000,1,1.0,Lincoln Park Commons,700,,1978,3,321,,Active,October-17-2021 12:00 PM,October-17-2021 03:00 PM,http://www.redfin.com/IL/Chicago/2225-N-Halsted-St-60614/unit-14/home/176714389,MRED,11244236,N,Y,41.9226585,-87.6483617
MLS Listing,,Condo/Co-op,2741 N Mildred Ave Unit 3S,Chicago,IL,60614,759900,2,2.0,CHI - Lincoln Park,1300,,2009,3,585,264,Active,October-16-2021 11:00 AM,October-16-2021 01:00 PM,http://www.redfin.com/IL/Chicago/2741-N-Mildred-Ave-60614/unit-3S/home/40367867,MRED,11244183,N,Y,41.9321439,-87.6511168
MLS Listing,,Single Family Residential,650 W Willow St,Chicago,IL,60614,1285000,4,2.5,CHI - Lincoln Park,2925,2474,,3,439,,Active,October-17-2021 11:00 AM,October-17-2021 01:00 PM,http://www.redfin.com/IL/Chicago/650-W-Willow-St-60614/home/13348071,MRED,11244041,N,Y,41.9140578,-87.6455302
MLS Listing,,Single Family Residential,2436 N Janssen Ave,Chicago,IL,60614,975000,4,3.5,CHI - Lincoln Park,2810,2922,,4,347,,Active,,,http://www.redfin.com/IL/Chicago/2436-N-Janssen-Ave-60614/home/13363175,MRED,11243869,N,Y,41.9263227,-87.6648612
MLS Listing,,Townhouse,1701 N Halsted St Unit A1,Chicago,IL,60614,975000,4,3.5,CHI - Lincoln Park,3300,,1988,4,295,686,Active,,,http://www.redfin.com/IL/Chicago/1701-N-Halsted-St-60614/unit-A1/home/145049312,MRED,11243782,N,Y,41.9128339,-87.648186
MLS Listing,,Single Family Residential,1227 W Wrightwood Ave,Chicago,IL,60614,1699000,4,4.5,CHI - Lincoln Park,3700,,1985,4,459,,Active,October-16-2021 11:00 AM,October-16-2021 01:00 PM,http://www.redfin.com/IL/Chicago/1227-W-Wrightwood-Ave-60614/home/13361671,MRED,11243554,N,Y,41.9287191,-87.6597121
MLS Listing,,Townhouse,1721 W Schubert Ave Unit H55,Chicago,IL,60614,875000,5,4.5,CHI - Lincoln Park,3074,,2008,4,285,350,Active,,,http://www.redfin.com/IL/Chicago/1721-W-Schubert-Ave-60614/unit-H55/home/105289637,MRED,11243518,N,Y,41.9309842,-87.6717345
MLS Listing,,Multi-Family (2-4 Unit),2720 N Wilton Ave,Chicago,IL,60614,639900,6,3.0,CHI - Lincoln Park,,,1888,4,,,Active,October-16-2021 02:00 PM,October-16-2021 03:00 PM,http://www.redfin.com/IL/Chicago/2720-N-Wilton-Ave-60614/home/13361319,MRED,11243487,N,Y,41.9314956,-87.6529204
MLS Listing,,Single Family Residential,303 W Wisconsin St,Chicago,IL,60614,2350000,4,3.5,CHI - Lincoln Park,,2099,1886,4,,,Active,October-17-2021 12:00 PM,October-17-2021 02:00 PM,http://www.redfin.com/IL/Chicago/303-W-Wisconsin-St-60614/home/13344008,MRED,11242622,N,Y,41.9163522,-87.6365473
MLS Listing,,Condo/Co-op,641 W Willow St #212,Chicago,IL,60614,849000,4,3.5,CHI - Lincoln Park,,,1984,4,,1162,Active,,,http://www.redfin.com/IL/Chicago/641-W-Willow-St-60614/unit-212/home/13346842,MRED,11243371,N,Y,41.913305,-87.6456354
MLS Listing,,Single Family Residential,819 W Belden Ave,Chicago,IL,60614,2395000,5,4.5,CHI - Lincoln Park,4250,3219,1886,4,564,,Active,,,http://www.redfin.com/IL/Chicago/819-W-Belden-Ave-60614/home/13352668,MRED,11243259,N,Y,41.9233972,-87.6494615
MLS Listing,,Condo/Co-op,2507 N Halsted St #2,Chicago,IL,60614,598000,3,2.0,CHI - Lincoln Park,1829,,2006,4,327,172,Active,,,http://www.redfin.com/IL/Chicago/2507-N-Halsted-St-60614/unit-2/home/18918331,MRED,11241641,N,Y,41.9275259,-87.6485746
MLS Listing,,Condo/Co-op,2128 N Hudson Ave #202,Chicago,IL,60614,369900,2,2.0,CHI - Lincoln Park,,,1932,4,,294,Active,October-16-2021 01:30 PM,October-16-2021 03:00 PM,http://www.redfin.com/IL/Chicago/2128-N-Hudson-Ave-60614/unit-202/home/12651643,MRED,11243130,N,Y,41.9210251,-87.6403374
MLS Listing,,Townhouse,1802 N Sedgwick St,Chicago,IL,60614,949500,3,2.5,CHI - Lincoln Park,2400,,1976,4,396,670,Active,,,http://www.redfin.com/IL/Chicago/1802-N-Sedgwick-St-60614/unit-2/home/13347119,MRED,11243062,N,Y,41.9149074,-87.6389807
MLS Listing,,Condo/Co-op,632 W Wrightwood Ave Unit 4W,Chicago,IL,60614,624000,2,2.0,CHI - Lincoln Park,1660,,1997,5,376,436,Active,October-16-2021 10:00 AM,October-16-2021 12:00 PM,http://www.redfin.com/IL/Chicago/632-W-Wrightwood-Ave-60614/unit-4W/home/12806106,MRED,11242864,N,Y,41.929704,-87.644165
MLS Listing,,Condo/Co-op,607 W Wrightwood Ave #401,Chicago,IL,60614,175000,1,1.0,CHI - Lincoln Park,,,1974,6,,265,Active,,,http://www.redfin.com/IL/Chicago/607-W-Wrightwood-Ave-60614/unit-401/home/13367010,MRED,11242463,N,Y,41.9292179,-87.6433513
MLS Listing,,Condo/Co-op,540 W Webster Ave #203,Chicago,IL,60614,450000,1,1.5,CHI - Lincoln Park,927,,2017,7,485,434,Active,,,http://www.redfin.com/IL/Chicago/540-W-Webster-Ave-60614/unit-203/home/167585066,MRED,11242199,N,Y,41.9220478,-87.6430231
MLS Listing,,Condo/Co-op,849 W Wrightwood Ave Unit 1E,Chicago,IL,60614,599900,3,3.0,CHI - Lincoln Park,2315,,1996,7,259,259,Active,October-16-2021 02:00 PM,October-16-2021 04:00 PM,http://www.redfin.com/IL/Chicago/849-W-Wrightwood-Ave-60614/unit-1E/home/176685832,MRED,11242183,N,Y,41.9288009,-87.6508516
MLS Listing,,Condo/Co-op,637 W Armitage Ave #3,Chicago,IL,60614,355000,2,1.0,CHI - Lincoln Park,,,1920,7,,497,Active,,,http://www.redfin.com/IL/Chicago/637-W-Armitage-Ave-60614/unit-3/home/39949177,MRED,11241974,N,Y,41.917978,-87.6451475
MLS Listing,,Condo/Co-op,2120 N Clark St #1,Chicago,IL,60614,800000,4,2.5,CHI - Lincoln Park,3427,,1895,7,233,450,Active,,,http://www.redfin.com/IL/Chicago/2120-N-Clark-St-60614/unit-1/home/13348342,MRED,11241915,N,Y,41.9207199,-87.6378178
MLS Listing,,Townhouse,2748 N Lakewood Ave #4,Chicago,IL,60614,1299000,4,4.5,CHI - Lincoln Park,3500,,2012,7,371,214,Active,,,http://www.redfin.com/IL/Chicago/2748-N-Lakewood-Ave-60614/unit-4/home/52634303,MRED,11214918,N,Y,41.9322595,-87.6613048
MLS Listing,,Townhouse,2145 N Clark St Unit E,Chicago,IL,60614,1215000,4,3.0,Breton Place,3000,,1985,7,405,527,Active,October-16-2021 01:00 PM,October-16-2021 04:00 PM,http://www.redfin.com/IL/Chicago/2145-N-Clark-St-60614/unit-E/home/13347291,MRED,11241401,N,Y,41.9216052,-87.6376653
MLS Listing,,Condo/Co-op,2424 N Southport Ave Unit A,Chicago,IL,60614,655000,4,3.0,CHI - Lincoln Park,2000,,2007,7,328,98,Active,,,http://www.redfin.com/IL/Chicago/2424-N-Southport-Ave-60614/unit-A/home/26809098,MRED,11241400,N,Y,41.926052,-87.6636346
MLS Listing,,Multi-Family (2-4 Unit),2113 N Bissell St,Chicago,IL,60614,1300000,6,4.0,CHI - Lincoln Park,,,1884,8,,,Active,,,http://www.redfin.com/IL/Chicago/2113-N-Bissell-St-60614/home/13352147,MRED,11236359,N,Y,41.9204034,-87.6519363
MLS Listing,,Condo/Co-op,350 W Belden Ave #610,Chicago,IL,60614,439000,2,2.0,Belden Centre,1400,,1991,8,314,659,Active,October-16-2021 11:00 AM,October-16-2021 01:00 PM,http://www.redfin.com/IL/Chicago/350-W-Belden-Ave-60614/unit-610/home/167585028,MRED,11240878,N,Y,41.9242493,-87.6388432
MLS Listing,,Condo/Co-op,1660 N Lasalle Dr #3407,Chicago,IL,60614,285000,1,1.0,CHI - Lincoln Park,762,,1971,8,374,716,Active,,,http://www.redfin.com/IL/Chicago/1660-N-LaSalle-Dr-60614/unit-3407/home/13342323,MRED,11229029,N,Y,41.9125733,-87.6335634
MLS Listing,,Condo/Co-op,2451 N Clybourn Ave #11,Chicago,IL,60614,525000,3,3.0,CHI - Lincoln Park,1800,,2000,8,292,338,Active,,,http://www.redfin.com/IL/Chicago/2451-N-Clybourn-Ave-60614/unit-11/home/12754041,MRED,11240678,N,Y,41.9264407,-87.6708134
MLS Listing,,Condo/Co-op,2742 N Paulina St #2,Chicago,IL,60614,425000,2,2.0,CHI - Lincoln Park,1400,,2001,8,304,165,Active,,,http://www.redfin.com/IL/Chicago/2742-N-Paulina-St-60614/unit-2/home/12600624,MRED,11240615,N,Y,41.931858,-87.6710852
MLS Listing,,Condo/Co-op,2525 N Sheffield Ave Unit 4E,Chicago,IL,60614,575000,3,2.0,CHI - Lincoln Park,2000,,1922,8,288,350,Active,October-16-2021 01:00 PM,October-16-2021 03:00 PM,http://www.redfin.com/IL/Chicago/2525-N-Sheffield-Ave-60614/unit-4E/home/18914805,MRED,11240540,N,Y,41.9279094,-87.6534117
MLS Listing,,Condo/Co-op,1170 W Armitage Ave Unit 4W,Chicago,IL,60614,539000,2,2.0,CHI - Lincoln Park,1500,,1892,8,359,319,Active,October-16-2021 11:00 AM,October-16-2021 12:30 PM,http://www.redfin.com/IL/Chicago/1170-W-Armitage-Ave-60614/unit-4W/home/13352483,MRED,11240393,N,Y,41.9181869,-87.6580529
MLS Listing,,Parking,2215 N Bissell St Unit P2,Chicago,IL,60614,15000,,,CHI - Lincoln Park,,,1924,8,,,Active,,,http://www.redfin.com/IL/Chicago/2215-N-Bissell-St-60614/unit-P2/home/12715656,MRED,11240367,N,Y,41.9222536,-87.6520075
MLS Listing,,Condo/Co-op,1926 N Lincoln Park West Unit 6B,Chicago,IL,60614,875000,3,2.0,CHI - Lincoln Park,,,2006,9,,347,Active,,,http://www.redfin.com/IL/Chicago/1926-N-Lincoln-Park-W-60614/unit-6B/home/45511118,MRED,11239822,N,Y,41.9172493,-87.6368201
MLS Listing,,Townhouse,1829 N Dayton St,Chicago,IL,60610,699000,3,3.5,CHI - Lincoln Park,,,,9,,311,Active,,,http://www.redfin.com/IL/Chicago/1829-N-Dayton-St-60614/home/13350285,MRED,11239691,N,Y,41.914714,-87.649493
MLS Listing,,Condo/Co-op,1735 W Diversey Pkwy #316,Chicago,IL,60614,375000,2,2.0,CHI - Lincoln Park,,,,9,,402,Active,October-17-2021 11:00 AM,October-17-2021 12:30 PM,http://www.redfin.com/IL/Chicago/1735-W-Diversey-Pkwy-60614/unit-316/home/12753947,MRED,11239623,N,Y,41.9321719,-87.6725303
MLS Listing,,Condo/Co-op,2724 N Dayton St Unit B,Chicago,IL,60614,549000,3,2.0,CHI - Lincoln Park,1500,,1994,9,366,150,Active,October-17-2021 11:30 AM,October-17-2021 01:30 PM,http://www.redfin.com/IL/Chicago/2724-N-Dayton-St-60614/unit-B/home/13361968,MRED,11235365,N,Y,41.9316276,-87.6505002
MLS Listing,,Condo/Co-op,1960 N Lincoln Park West #2708,Chicago,IL,60614,224900,1,1.0,CHI - Lincoln Park,750,,1972,9,300,577,Active,,,http://www.redfin.com/IL/Chicago/1960-N-Lincoln-Park-W-60614/unit-2708/home/13344780,MRED,11239560,N,Y,41.918107,-87.636887
MLS Listing,,Multi-Family (2-4 Unit),2633 N Magnolia Ave,Chicago,IL,60614,1600000,7,5.0,CHI - Lincoln Park,,,1895,9,,,Active,,,http://www.redfin.com/IL/Chicago/2633-N-Magnolia-Ave-60614/home/13362344,MRED,11239489,N,Y,41.9299173,-87.659533
MLS Listing,,Condo/Co-op,1910 N Halsted St #2,Chicago,IL,60614,475000,2,2.0,CHI - Lincoln Park,1600,,1890,9,297,233,Active,October-16-2021 01:30 PM,October-16-2021 03:30 PM,http://www.redfin.com/IL/Chicago/1910-N-Halsted-St-60614/unit-2/home/176355063,MRED,11239374,N,Y,41.91644,-87.648827
MLS Listing,,Condo/Co-op,2535 N Orchard St Unit 1N,Chicago,IL,60614,950000,4,3.0,CHI - Lincoln Park,2700,,1894,9,352,394,Active,,,http://www.redfin.com/IL/Chicago/2535-N-Orchard-St-60614/unit-1N/home/13367304,MRED,11239160,N,Y,41.9289171,-87.6462127
MLS Listing,,Condo/Co-op,2712 N Wayne Ave #1,Chicago,IL,60614,799999,3,2.5,CHI - Lincoln Park,,,2005,9,,315,Active,,,http://www.redfin.com/IL/Chicago/2712-N-Wayne-Ave-60614/unit-1/home/18918296,MRED,11239111,N,Y,41.931141,-87.6626443
MLS Listing,,Condo/Co-op,1601 W Altgeld St Unit 2C,Chicago,IL,60614,450000,3,2.0,CHI - Lincoln Park,1630,,2000,10,276,302,Active,,,http://www.redfin.com/IL/Chicago/1601-W-Altgeld-St-60614/unit-2C/home/12754615,MRED,11238919,N,Y,41.9267152,-87.6686058
MLS Listing,,Condo/Co-op,2743 N Ashland Ave Unit 2N,Chicago,IL,60614,595000,3,2.0,CHI - Lincoln Park,1500,,2018,10,397,130,Active,,,http://www.redfin.com/IL/Chicago/2743-N-Ashland-Ave-60614/unit-2N/home/142961673,MRED,11238837,N,Y,41.931855,-87.66798
MLS Listing,,Townhouse,1843 N Hudson Ave,Chicago,IL,60614,899000,3,3.5,CHI - Lincoln Park,2400,,1985,10,375,549,Active,October-16-2021 12:30 PM,October-16-2021 02:00 PM,http://www.redfin.com/IL/Chicago/1843-N-Hudson-Ave-60614/home/22780329,MRED,11238759,N,Y,41.915992,-87.639798
MLS Listing,,Vacant Land,1775-73 N Clybourn Ave,Chicago,IL,60614,1250000,,,CHI - Lincoln Park,,2178,,10,,,Active,,,http://www.redfin.com/IL/Chicago/1775-N-Clybourn-Ave-60614/home/147711336,MRED,11238501,N,Y,41.913508,-87.652671
MLS Listing,,Vacant Land,2718-24 N Ashland Ave,Chicago,IL,60614,1050000,,,CHI - Lincoln Park,,,,10,,,Active,,,http://www.redfin.com/IL/Chicago/2718-N-Ashland-Ave-60614/home/13358875,MRED,11238481,N,Y,41.9312244,-87.6686506
MLS Listing,,Condo/Co-op,2257 N Wayne Ave Unit D3,Chicago,IL,60614,479900,2,2.0,CHI - Lincoln Park,,,1920,10,,288,Active,October-16-2021 11:00 AM,October-16-2021 01:00 PM,http://www.redfin.com/IL/Chicago/2257-N-Wayne-Ave-60614/unit-D3/home/145737985,MRED,11238372,N,Y,41.9231737,-87.6616623
MLS Listing,,Condo/Co-op,900 W Fullerton Ave Unit 4A,Chicago,IL,60614,399900,2,2.0,CHI - Lincoln Park,,,1971,10,,559,Active,,,http://www.redfin.com/IL/Chicago/900-W-Fullerton-Ave-60614/unit-4A/home/12754255,MRED,11238363,N,Y,41.9256398,-87.6512527
MLS Listing,,Single Family Residential,1704 N Dayton St,Chicago,IL,60614,1695000,4,4.5,CHI - Lincoln Park,,,1985,10,,,Active,October-17-2021 12:00 PM,October-17-2021 02:00 PM,http://www.redfin.com/IL/Chicago/1704-N-Dayton-St-60614/home/13350530,MRED,11235422,N,Y,41.9129449,-87.6498469
MLS Listing,,Condo/Co-op,2650 N Lakeview Ave #1807,Chicago,IL,60614,225000,1,1.0,CHI - Lincoln Park,,,1973,10,,540,Active,,,http://www.redfin.com/IL/Chicago/2650-N-Lakeview-Ave-60614/unit-1807/home/13366582,MRED,11238221,N,Y,41.9309314,-87.63996
MLS Listing,,Condo/Co-op,1841 N Sheffield Ave #1,Chicago,IL,60614,899000,4,2.5,CHI - Lincoln Park,,,2021,10,,275,Active,,,http://www.redfin.com/IL/Chicago/1841-N-Sheffield-Ave-60614/unit-1/home/167174377,MRED,11238198,N,Y,41.9149931,-87.6529574
MLS Listing,,Single Family Residential,2235 N Janssen Ave,Chicago,IL,60614,1350000,3,3.5,CHI - Lincoln Park,,3201,1890,10,,,Active,,,http://www.redfin.com/IL/Chicago/2235-N-Janssen-Ave-60614/home/13353879,MRED,11238197,N,Y,41.9225246,-87.664172
MLS Listing,,Condo/Co-op,1445 W Belden Ave Unit 1D,Chicago,IL,60614,465000,2,2.5,CHI - Lincoln Park,1600,,,10,291,469,Active,,,http://www.redfin.com/IL/Chicago/1445-W-Belden-Ave-60614/unit-1D/home/176340057,MRED,11238124,N,Y,41.9232246,-87.6647788
MLS Listing,,Condo/Co-op,635 W Wrightwood Ave Unit 5E,Chicago,IL,60614,675000,2,2.0,CHI - Lincoln Park,,,1995,10,,375,Active,October-16-2021 11:00 AM,October-16-2021 12:30 PM,http://www.redfin.com/IL/Chicago/635-W-Wrightwood-Ave-60614/unit-5E/home/13367903,MRED,11238056,N,Y,41.928991,-87.644062
MLS Listing,,Condo/Co-op,2626 N Lakeview Ave #2601,Chicago,IL,60614,339000,2,2.0,CHI - Lincoln Park,,,1968,10,,966,Active,,,http://www.redfin.com/IL/Chicago/2626-N-Lakeview-Ave-60614/unit-2601/home/13367817,MRED,11238001,N,Y,41.930388,-87.639456
MLS Listing,,Condo/Co-op,2629 N Hampden Ct #102,Chicago,IL,60614,255000,2,1.0,CHI - Lincoln Park,1100,,1972,11,232,394,Active,,,http://www.redfin.com/IL/Chicago/2629-N-Hampden-Ct-60614/unit-102/home/175681064,MRED,11237865,N,Y,41.9301734,-87.640809
MLS Listing,,Vacant Land,758 W North Ave,Chicago,IL,60610,3250000,,,CHI - Lincoln Park,,19166,,11,,,Active,,,http://www.redfin.com/IL/Chicago/758-W-North-Ave-60610/unit-1B/home/12608706,MRED,11237636,N,Y,41.911172,-87.6479733
MLS Listing,,Condo/Co-op,1660 N La Salle Dr #401,Chicago,IL,60614,400000,2,2.0,Parkview Towers,1100,,1971,11,364,880,Active,,,http://www.redfin.com/IL/Chicago/1660-N-LaSalle-Dr-60614/unit-401/home/13343837,MRED,11237464,N,Y,41.9125733,-87.6335634
MLS Listing,,Condo/Co-op,223 W Wisconsin St Unit 3A,Chicago,IL,60614,499000,2,3.0,CHI - Lincoln Park,1750,,,11,285,380,Active,,,http://www.redfin.com/IL/Chicago/223-W-Wisconsin-St-60614/unit-3A/home/13345091,MRED,11237287,N,Y,41.9164154,-87.6358495
MLS Listing,,Condo/Co-op,2050 N Racine Ave #1,Chicago,IL,60614,699900,3,3.0,CHI - Lincoln Park,2200,,1994,11,318,150,Active,,,http://www.redfin.com/IL/Chicago/2050-N-Racine-Ave-60614/unit-1/home/175186896,MRED,11237200,N,Y,41.9194447,-87.6584883
MLS Listing,,Condo/Co-op,601 W Belden Ave Unit 1B,Chicago,IL,60614,575000,2,2.5,CHI - Lincoln Park,,,1891,11,,302,Active,,,http://www.redfin.com/IL/Chicago/601-W-Belden-Ave-60614/unit-1B/home/13349024,MRED,11237193,N,Y,41.9235393,-87.6440642
MLS Listing,,Condo/Co-op,845 W Altgeld St Unit 2B,Chicago,IL,60614,345000,1,1.0,CHI - Lincoln Park,,,1997,11,,380,Active,,,http://www.redfin.com/IL/Chicago/845-W-Altgeld-St-60614/unit-2B/home/12715887,MRED,11237111,N,Y,41.927087,-87.650711
MLS Listing,,Condo/Co-op,2731 N Wilton Ave #3,Chicago,IL,60614,750000,2,2.0,CHI - Lincoln Park,,,2009,11,,170,Active,October-16-2021 11:00 AM,October-16-2021 12:30 PM,http://www.redfin.com/IL/Chicago/2731-N-Wilton-Ave-60614/unit-3/home/13361317,MRED,11232503,N,Y,41.9318886,-87.652321
MLS Listing,,Vacant Land,2711 N Ashland Ave,Chicago,IL,60614,3760000,,,CHI - Lincoln Park,,,,11,,,Active,,,http://www.redfin.com/IL/Chicago/2711-N-Ashland-Ave-60614/home/173762310,MRED,11236814,N,Y,41.930952,-87.668107
MLS Listing,,Condo/Co-op,2635 N Wilton Ave #3,Chicago,IL,60614,699500,3,2.5,CHI - Lincoln Park,2300,,1997,11,304,210,Active,,,http://www.redfin.com/IL/Chicago/2635-N-Wilton-Ave-60614/unit-3/home/12806148,MRED,11236803,N,Y,41.9300788,-87.6523892
MLS Listing,,Condo/Co-op,2350 N Orchard St #701,Chicago,IL,60614,4425000,4,4.5,CHI - Lincoln Park,3596,,2020,13,1231,2609,Active,,,http://www.redfin.com/IL/Chicago/2350-N-Orchard-St-60614/unit-701/home/176617644,MRED,11236437,N,Y,41.9251034,-87.646382
MLS Listing,,Condo/Co-op,1350 W Fullerton Ave #508,Chicago,IL,60614,450000,2,2.0,CHI - Lincoln Park,,,1998,13,,630,Active,October-17-2021 10:00 AM,October-17-2021 11:30 AM,http://www.redfin.com/IL/Chicago/1350-W-Fullerton-Ave-60614/unit-508/home/12771649,MRED,11236418,N,Y,41.9254567,-87.6621903
MLS Listing,,Condo/Co-op,1960 N Lincoln Park #1411,Chicago,IL,60614,289900,1,1.0,Lincoln Park Towers,,,1968,13,,616,Active,,,http://www.redfin.com/IL/Chicago/1960-N-Lincoln-Park-W-60614/unit-1411/home/13345160,MRED,11236339,N,Y,41.918107,-87.636887
MLS Listing,,Condo/Co-op,2020 N Lincoln Park West Unit 29F,Chicago,IL,60614,384800,1,1.0,CHI - Lincoln Park,,,1970,13,,955,Active,,,http://www.redfin.com/IL/Chicago/2020-N-Lincoln-Park-W-60614/unit-29F/home/13347774,MRED,11236125,N,Y,41.9188778,-87.6366791
MLS Listing,,Single Family Residential,2303 N Greenview Ave,Chicago,IL,60614,1150000,3,2.5,CHI - Lincoln Park,,3201,1995,14,,,Active,October-16-2021 12:00 PM,October-16-2021 02:00 PM,http://www.redfin.com/IL/Chicago/2303-N-Greenview-Ave-60614/home/13354030,MRED,11192465,N,Y,41.9235736,-87.6654587
MLS Listing,,Condo/Co-op,1106 W Montana St #1,Chicago,IL,60614,299900,2,1.0,CHI - Lincoln Park,,,1928,14,,318,Active,,,http://www.redfin.com/IL/Chicago/1106-W-Montana-St-60614/unit-1/home/145997811,MRED,11235700,N,Y,41.9265,-87.65638
MLS Listing,,Condo/Co-op,2000 N Lincoln Park West #701,Chicago,IL,60614,515000,2,2.0,CHI - Lincoln Park,1700,,1931,14,303,1273,Active,,,http://www.redfin.com/IL/Chicago/2000-N-Lincoln-Park-W-60614/unit-701/home/18949652,MRED,11235233,N,Y,41.9199016,-87.6365672
MLS Listing,,Condo/Co-op,515 W Wrightwood Ave #514,Chicago,IL,60614,199900,1,1.0,CHI - Lincoln Park,,,1973,14,,373,Active,,,http://www.redfin.com/IL/Chicago/515-W-Wrightwood-Ave-60614/unit-514/home/13367440,MRED,11235232,N,Y,41.930168,-87.642054
MLS Listing,,Condo/Co-op,1857 W Diversey Ave #402,Chicago,IL,60614,499000,3,2.0,CHI - Lincoln Park,1795,,2007,14,278,327,Active,October-16-2021 11:00 AM,October-16-2021 12:30 PM,http://www.redfin.com/IL/Chicago/1857-W-Diversey-Pkwy-60614/unit-402/home/18925196,MRED,11235198,N,Y,41.9320685,-87.6753437
MLS Listing,,Single Family Residential,1713 N Bissell St,Chicago,IL,60614,1249500,4,3.0,CHI - Lincoln Park,2700,1306,1991,14,463,,Active,October-17-2021 10:00 AM,October-17-2021 12:00 PM,http://www.redfin.com/IL/Chicago/1713-N-Bissell-St-60614/home/13351360,MRED,11235045,N,Y,41.9131466,-87.6509114
MLS Listing,,Multi-Family (2-4 Unit),405 W Eugenie St,Chicago,IL,60614,2000000,8,6.0,CHI - Lincoln Park,,,1885,15,,,Active,,,http://www.redfin.com/IL/Chicago/405-W-Eugenie-St-60614/unit-A/home/13346692,MRED,11234345,N,Y,41.912654,-87.6390299
MLS Listing,,Condo/Co-op,2536 N Southport Ave #3,Chicago,IL,60614,567000,2,2.0,CHI - Lincoln Park,,,2003,15,,186,Active,,,http://www.redfin.com/IL/Chicago/2536-N-Southport-Ave-60614/unit-3/home/12621624,MRED,11234330,N,Y,41.928113,-87.6636547
MLS Listing,,Townhouse,1904 N Mohawk St #24,Chicago,IL,60614,650000,3,2.0,CHI - Lincoln Park,,,1979,15,,219,Active,,,http://www.redfin.com/IL/Chicago/1904-N-Mohawk-St-60614/unit-24/home/176576633,MRED,11234048,N,Y,41.9169544,-87.6426638
MLS Listing,,Condo/Co-op,843 W Lill Ave #1,Chicago,IL,60614,999000,4,2.5,CHI - Lincoln Park,,,2013,15,,304,Active,October-16-2021 10:30 AM,October-16-2021 12:30 PM,http://www.redfin.com/IL/Chicago/843-W-Lill-Ave-60614/unit-1/home/113043714,MRED,11234032,N,Y,41.9279135,-87.6505791
MLS Listing,,Condo/Co-op,1658 N Sedgwick St Unit 2N,Chicago,IL,60614,459000,2,1.0,CHI - Lincoln Park,1150,,1978,15,399,275,Active,,,http://www.redfin.com/IL/Chicago/1658-N-Sedgwick-St-60614/unit-2N/home/144758600,MRED,11233846,N,Y,41.9126684,-87.6388407
MLS Listing,,Condo/Co-op,2614 N Clybourn Ave #411,Chicago,IL,60614,340000,1,1.5,CHI - Lincoln Park,1200,,2005,15,283,261,Active,,,http://www.redfin.com/IL/Chicago/2614-N-Clybourn-Ave-60614/unit-411/home/13358379,MRED,11233792,N,Y,41.9286694,-87.6754467
MLS Listing,,Condo/Co-op,2550 N Lakeview Ave Unit S-804,Chicago,IL,60614,1550000,2,2.0,Lincoln Park 2550,1569,,2010,15,988,1176,Active,,,http://www.redfin.com/IL/Chicago/2550-N-Lakeview-Ave-60614/unit-S804/home/64225704,MRED,11233791,N,Y,41.9291806,-87.6395339
MLS Listing,,Condo/Co-op,1933 N Kenmore Ave #1,Chicago,IL,60614,969500,3,2.5,CHI - Lincoln Park,,,2019,15,,225,Active,,,http://www.redfin.com/IL/Chicago/1933-N-Kenmore-Ave-60614/unit-1/home/176380268,MRED,11233636,N,Y,41.9169839,-87.6541247
MLS Listing,,Condo/Co-op,2442 N Southport Ave Unit 3S,Chicago,IL,60614,599000,3,2.0,CHI - Lincoln Park,1800,,2003,15,333,195,Active,October-16-2021 11:00 AM,October-16-2021 01:00 PM,http://www.redfin.com/IL/Chicago/2442-N-Southport-Ave-60614/unit-3S/home/12687388,MRED,11233584,N,Y,41.926538,-87.6636942
MLS Listing,,Condo/Co-op,2002 N Howe St Unit 3N,Chicago,IL,60614,625000,3,2.0,CHI - Lincoln Park,,,,16,,372,Active,October-16-2021 10:30 AM,October-16-2021 12:00 PM,http://www.redfin.com/IL/Chicago/2002-N-Howe-St-60614/unit-3N/home/13350250,MRED,11233322,N,Y,41.9183901,-87.6451415
MLS Listing,,Condo/Co-op,345 W Fullerton Pkwy #905,Chicago,IL,60614,359999,2,2.0,CHI - Lincoln Park,1100,,1972,16,327,907,Active,,,http://www.redfin.com/IL/Chicago/345-W-Fullerton-Pkwy-60614/unit-905/home/13349127,MRED,11233201,N,Y,41.9255129,-87.6385936
MLS Listing,,Single Family Residential,643 W Deming Pl,Chicago,IL,60614,3995000,6,6.0,CHI - Lincoln Park,9000,8851,1890,16,444,,Active,,,http://www.redfin.com/IL/Chicago/643-W-Deming-Pl-60614/home/12584802,MRED,11233061,N,Y,41.9275819,-87.6458383
MLS Listing,,Condo/Co-op,734 W Belden Ave #3,Chicago,IL,60614,495000,3,2.0,CHI - Lincoln Park,,,1896,16,,291,Active,,,http://www.redfin.com/IL/Chicago/734-W-Belden-Ave-60614/unit-3/home/13350372,MRED,11232584,N,Y,41.923827,-87.6477287
MLS Listing,,Condo/Co-op,2215 N Bissell St Unit 2B,Chicago,IL,60614,325000,1,1.5,CHI - Lincoln Park,1000,,1924,16,325,178,Active,,,http://www.redfin.com/IL/Chicago/2215-N-Bissell-St-60614/unit-2B/home/12723138,MRED,11232441,N,Y,41.9222536,-87.6520075
MLS Listing,,Condo/Co-op,2400 N Lakeview Ave #1007,Chicago,IL,60614,185000,0,1.0,CHI - Lincoln Park,,,1966,17,,464,Active,,,http://www.redfin.com/IL/Chicago/2400-N-Lakeview-Ave-60614/unit-1007/home/13366373,MRED,11232333,N,Y,41.9258612,-87.6393226
MLS Listing,,Condo/Co-op,838 W Fullerton Ave Unit 2W,Chicago,IL,60614,575000,3,2.0,CHI - Lincoln Park,,,1999,17,,228,Active,,,http://www.redfin.com/IL/Chicago/838-W-Fullerton-Ave-60614/unit-2W/home/145684171,MRED,11231872,N,Y,41.9256452,-87.6503526
MLS Listing,,Condo/Co-op,1730 W Terra Cotta Pl Unit N,Chicago,IL,60614,429900,2,1.5,Terra Cotta Village,1600,,1993,17,269,316,Active,,,http://www.redfin.com/IL/Chicago/1730-W-Terra-Cotta-Pl-60614/unit-N/home/13358668,MRED,11231853,N,Y,41.9277357,-87.6721973
MLS Listing,,Townhouse,1740 N Clark St #1734,Chicago,IL,60614,825000,3,3.5,CHI - Lincoln Park,,,1990,17,,1012,Active,October-17-2021 11:00 AM,October-17-2021 12:30 PM,http://www.redfin.com/IL/Chicago/1740-N-Clark-St-60614/unit-1734/home/13344834,MRED,11231700,N,Y,41.9140433,-87.6336237
MLS Listing,,Condo/Co-op,2626 N Lakeview Ave #507,Chicago,IL,60614,224700,1,1.0,CHI - Lincoln Park,725,,1969,17,310,683,Active,,,http://www.redfin.com/IL/Chicago/2626-N-Lakeview-Ave-60614/unit-507/home/13367567,MRED,11231683,N,Y,41.930388,-87.639456
MLS Listing,,Condo/Co-op,919 W Wrightwood Ave #2,Chicago,IL,60614,650000,2,2.0,Wrightwood Neighbors,1200,,2020,17,542,184,Active,October-16-2021 12:00 PM,October-16-2021 02:00 PM,http://www.redfin.com/IL/Chicago/919-W-Wrightwood-Ave-60614/unit-2/home/173078361,MRED,11231548,N,Y,41.928775,-87.652105
MLS Listing,,Condo/Co-op,2700 N Hampden Ct Unit 23D,Chicago,IL,60614,250000,1,1.0,CHI - Lincoln Park,,,1970,17,,529,Active,,,http://www.redfin.com/IL/Chicago/2700-N-Hampden-Ct-60614/unit-23D/home/13368937,MRED,11231390,N,Y,41.9308327,-87.6419459
MLS Listing,,Condo/Co-op,2107 N Magnolia Ave Unit 2B2D,Chicago,IL,60614,1225000,4,4.0,Headley School Lofts,3098,,1875,18,395,894,Active,,,http://www.redfin.com/IL/Chicago/2107-N-Magnolia-Ave-60614/unit-2B2D/home/176551706,MRED,11223893,N,Y,41.9201657,-87.659155
MLS Listing,,Condo/Co-op,2232 N Bissell St Unit 1S,Chicago,IL,60614,314000,2,2.0,CHI - Lincoln Park,,,1920,18,,390,Active,,,http://www.redfin.com/IL/Chicago/2232-N-Bissell-St-60614/unit-1S/home/13353194,MRED,11231018,N,Y,41.9227581,-87.6525159
MLS Listing,,Condo/Co-op,399 W Fullerton Pkwy Unit 14W,Chicago,IL,60614,650000,4,3.0,CHI - Lincoln Park,3000,,1927,18,217,2799,Active,,,http://www.redfin.com/IL/Chicago/399-W-Fullerton-Pkwy-60614/unit-14W/home/167042428,MRED,11231019,N,Y,41.9254098,-87.6390336
MLS Listing,,Condo/Co-op,1724 N Mohawk St #1,Chicago,IL,60614,775000,3,3.0,CHI - Lincoln Park,2400,,1999,18,323,167,Active,October-16-2021 11:00 AM,October-16-2021 01:00 PM,http://www.redfin.com/IL/Chicago/1724-N-Mohawk-St-60614/unit-1/home/12771811,MRED,11230886,N,Y,41.913582,-87.6426297
MLS Listing,,Condo/Co-op,2337 N Commonwealth Ave Unit 1E-F,Chicago,IL,60614,795000,4,4.0,CHI - Lincoln Park,2600,,1928,18,306,1036,Active,,,http://www.redfin.com/IL/Chicago/2337-N-Commonwealth-Ave-60614/unit-1E-F/home/174467121,MRED,11230791,N,Y,41.9248154,-87.6376974
MLS Listing,,Condo/Co-op,2700 N Halsted St Ph -9,Chicago,IL,60614,469000,2,2.0,CHI - Lincoln Park,,,2002,18,,499,Active,,,http://www.redfin.com/IL/Chicago/2700-N-Halsted-St-60614/unit-9/home/144952953,MRED,11230722,N,Y,41.931427,-87.649309
MLS Listing,,Single Family Residential,1702 N Burling St,Chicago,IL,60614,4995000,8,6.0,CHI - Lincoln Park,7300,3746,2017,18,684,,Active,,,http://www.redfin.com/IL/Chicago/1702-N-Burling-St-60614/home/13345617,MRED,11222721,N,Y,41.912934,-87.6474188
MLS Listing,,Condo/Co-op,2729 N Sheffield Ave Unit 1S,Chicago,IL,60614,724000,3,3.0,CHI - Lincoln Park,2200,,2000,18,329,245,Active,,,http://www.redfin.com/IL/Chicago/2729-N-Sheffield-Ave-60614/unit-1S/home/12699124,MRED,11215930,N,Y,41.931683,-87.653468
MLS Listing,,Townhouse,749 W Dickens Ave,Chicago,IL,60614,915000,3,3.5,CHI - Lincoln Park,,,1983,18,,664,Active,,,http://www.redfin.com/IL/Chicago/749-W-Dickens-Ave-60614/unit-2/home/13349245,MRED,11230488,N,Y,41.9198428,-87.6481124
MLS Listing,,Single Family Residential,817 W Belden Ave,Chicago,IL,60614,1450000,3,3.5,CHI - Lincoln Park,3500,4146,1889,18,414,,Active,,,http://www.redfin.com/IL/Chicago/817-W-Belden-Ave-60614/home/176258451,MRED,11223488,N,Y,41.9234964,-87.6494125
MLS Listing,,Condo/Co-op,2714 N Lehmann Ct Unit 1S,Chicago,IL,60614,765000,3,3.0,CHI - Lincoln Park,2600,,2006,18,294,383,Active,,,http://www.redfin.com/IL/Chicago/2714-N-Lehmann-Ct-60614/unit-1S/home/18921692,MRED,11230394,N,Y,41.9320911,-87.6438165
MLS Listing,,Condo/Co-op,454 W Deming Pl Unit 4E,Chicago,IL,60614,1250000,3,2.5,CHI - Lincoln Park,,,1891,18,,575,Active,,,http://www.redfin.com/IL/Chicago/454-W-Deming-Pl-60614/unit-4E/home/26809242,MRED,11230322,N,Y,41.9292631,-87.6413525
MLS Listing,,Single Family Residential,1915 N Sheffield Ave,Chicago,IL,60614,800000,3,2.5,CHI - Lincoln Park,1092,3005,1900,19,733,,Active,,,http://www.redfin.com/IL/Chicago/1915-N-Sheffield-Ave-60614/home/13350773,MRED,11230145,N,Y,41.9164088,-87.6530907
MLS Listing,,Condo/Co-op,1750 N Wells St #103,Chicago,IL,60614,154000,0,1.0,CHI - Lincoln Park,550,,1950,19,280,191,Active,,,http://www.redfin.com/IL/Chicago/1750-N-Wells-St-60614/unit-103/home/176594077,MRED,11230005,N,Y,41.9144834,-87.6351056
MLS Listing,,Condo/Co-op,2650 N Lakeview Ave #901,Chicago,IL,60614,418500,2,2.0,CHI - Lincoln Park,1250,,1974,20,335,911,Active,,,http://www.redfin.com/IL/Chicago/2650-N-Lakeview-Ave-60614/unit-901/home/13366638,MRED,11229752,N,Y,41.9309314,-87.63996
MLS Listing,,Single Family Residential,1936 N Sedgwick St,Chicago,IL,60614,1775000,4,3.5,CHI - Lincoln Park,,2953,1880,20,,,Active,,,http://www.redfin.com/IL/Chicago/1936-N-Sedgwick-St-60614/home/13346540,MRED,11229688,N,Y,41.9175845,-87.6390711
MLS Listing,,Condo/Co-op,1636 N Wells St #1406,Chicago,IL,60614,245000,1,1.0,CHI - Lincoln Park,750,,1971,21,327,600,Active,,,http://www.redfin.com/IL/Chicago/1636-N-Wells-St-60614/unit-1406/home/13342673,MRED,11229394,N,Y,41.9123149,-87.6353087
MLS Listing,,Townhouse,2308 N Lakewood Ave,Chicago,IL,60614,575000,2,2.5,CHI - Lincoln Park,,,1985,21,,301,Active,,,http://www.redfin.com/IL/Chicago/2308-N-Lakewood-Ave-60614/home/13352624,MRED,11229341,N,Y,41.9237648,-87.6610761
MLS Listing,,Condo/Co-op,928 W Montana St #1,Chicago,IL,60614,1025000,4,3.5,CHI - Lincoln Park,2600,,2019,21,394,162,Active,,,http://www.redfin.com/IL/Chicago/928-W-Montana-St-60614/unit-1/home/148697159,MRED,11229305,N,Y,41.9265774,-87.6515418
MLS Listing,,Condo/Co-op,2343 N Greenview Ave #112,Chicago,IL,60614,239000,0,1.0,CHI - Lincoln Park,610,,1988,21,392,178,Active,October-16-2021 12:00 PM,October-16-2021 02:00 PM,http://www.redfin.com/IL/Chicago/2343-N-Greenview-Ave-60614/unit-112/home/176519206,MRED,11228871,N,Y,41.9245274,-87.6654333
MLS Listing,,Condo/Co-op,1718 N Clybourn Ave #1,Chicago,IL,60614,697000,3,3.0,CHI - Lincoln Park,2125,,2007,21,328,150,Active,,,http://www.redfin.com/IL/Chicago/1718-N-Clybourn-Ave-60614/unit-1/home/39549034,MRED,11228805,N,Y,41.912089,-87.6516977
MLS Listing,,Condo/Co-op,2020 N Lincoln Park West Unit 3B,Chicago,IL,60614,174900,0,1.0,CHI - Lincoln Park,515,,1971,21,340,397,Active,,,http://www.redfin.com/IL/Chicago/2020-N-Lincoln-Park-W-60614/unit-3B/home/13347279,MRED,11228768,N,Y,41.9188778,-87.6366791
MLS Listing,,Condo/Co-op,1636 N Wells St #515,Chicago,IL,60614,369000,2,2.0,CHI - Lincoln Park,,,1971,21,,850,Active,,,http://www.redfin.com/IL/Chicago/1636-N-Wells-St-60614/unit-515/home/13343057,MRED,11228673,N,Y,41.9123149,-87.6353087
MLS Listing,,Single Family Residential,2725 N Kenmore Ave,Chicago,IL,60614,2299000,6,5.5,CHI - Lincoln Park,6765,3497,2008,21,340,,Active,,,http://www.redfin.com/IL/Chicago/2725-N-Kenmore-Ave-60614/home/18954098,MRED,11228650,N,Y,41.9307373,-87.6548444
MLS Listing,,Condo/Co-op,1201 W Wrightwood Ave #5,Chicago,IL,60614,485000,2,1.5,CHI - Lincoln Park,,,1925,21,,299,Active,October-16-2021 11:00 AM,October-16-2021 01:00 PM,http://www.redfin.com/IL/Chicago/1201-W-Wrightwood-Ave-60614/unit-5/home/12726553,MRED,11228540,N,Y,41.9286447,-87.6589607
MLS Listing,,Condo/Co-op,1636 N Wells St #606,Chicago,IL,60614,169900,1,1.0,CHI - Lincoln Park,1028,,1978,22,165,589,Active,,,http://www.redfin.com/IL/Chicago/1636-N-Wells-St-60614/unit-606/home/13343501,MRED,11228027,N,Y,41.9123149,-87.6353087
MLS Listing,,Condo/Co-op,1636 N Wells St #1908,Chicago,IL,60614,234900,1,1.0,Americana Towers,750,,1971,22,313,604,Active,,,http://www.redfin.com/IL/Chicago/1636-N-Wells-St-60614/unit-1908/home/13342369,MRED,11227738,N,Y,41.9123149,-87.6353087
MLS Listing,,Condo/Co-op,607 W Wrightwood Ave #705,Chicago,IL,60614,150000,0,1.0,CHI - Lincoln Park,,,1976,22,,203,Active,,,http://www.redfin.com/IL/Chicago/607-W-Wrightwood-Ave-60614/unit-705/home/13367599,MRED,11227637,N,Y,41.9292179,-87.6433513
MLS Listing,,Single Family Residential,2613 N Greenview Ave,Chicago,IL,60614,1125000,3,3.5,Embassy Club,,1755,1991,22,,225,Active,October-16-2021 12:00 PM,October-16-2021 02:00 PM,http://www.redfin.com/IL/Chicago/2613-N-Greenview-Ave-60614/unit-H/home/13362376,MRED,11227611,N,Y,41.9295673,-87.6651452
MLS Listing,,Condo/Co-op,605 W Fullerton Pkwy #1,Chicago,IL,60614,475000,3,2.0,CHI - Lincoln Park,1875,,1911,22,253,570,Active,,,http://www.redfin.com/IL/Chicago/605-W-Fullerton-Pkwy-60614/unit-1/home/13350515,MRED,11227353,N,Y,41.9252619,-87.6442116
MLS Listing,,Condo/Co-op,2638 N Orchard St Unit 1F,Chicago,IL,60614,375000,2,2.0,Orchard Court Condos,1150,,,23,326,300,Active,,,http://www.redfin.com/IL/Chicago/2638-N-Orchard-St-60614/unit-1F/home/12598233,MRED,11226798,N,Y,41.930218,-87.6469989
MLS Listing,,Single Family Residential,1845 N Orchard St,Chicago,IL,60614,5989888,6,6.5,CHI - Lincoln Park,8380,3240,2008,23,715,,Active,,,http://www.redfin.com/IL/Chicago/1845-N-Orchard-St-60614/unit-2/home/21764038,MRED,11226849,N,Y,41.9151701,-87.6456763
MLS Listing,,Condo/Co-op,926 W Fullerton Ave #2,Chicago,IL,60614,689900,3,2.0,CHI - Lincoln Park,1747,,2007,23,395,172,Active,,,http://www.redfin.com/IL/Chicago/926-W-Fullerton-Ave-60614/unit-2/home/26808845,MRED,11226688,N,Y,41.9255479,-87.6523506
MLS Listing,,Townhouse,1660 N Hudson Ave Unit 3B,Chicago,IL,60614,974900,3,2.5,St. Michael's Lofts,,,1928,23,,973,Active,October-16-2021 01:30 PM,October-16-2021 03:00 PM,http://www.redfin.com/IL/Chicago/1660-N-Hudson-Ave-60614/unit-3B/home/13346694,MRED,11226477,N,Y,41.9122952,-87.6400818
MLS Listing,,Condo/Co-op,2300 N Commonwealth Ave Unit 7H,Chicago,IL,60614,247400,1,1.0,CHI - Lincoln Park,837,,1959,23,296,292,Active,,,http://www.redfin.com/IL/Chicago/2300-N-Commonwealth-Ave-60614/unit-7H/home/12605140,MRED,11226424,N,Y,41.9240027,-87.6383401
MLS Listing,,Townhouse,636 W Schubert Ave Unit A,Chicago,IL,60614,825000,4,2.5,CHI - Lincoln Park,2385,,1994,23,346,,Active,,,http://www.redfin.com/IL/Chicago/636-W-Schubert-Ave-60614/unit-A/home/172087263,MRED,11226319,N,Y,41.9317712,-87.6461091
MLS Listing,,Condo/Co-op,559 W Fullerton Pkwy Unit 3W,Chicago,IL,60614,350000,2,1.0,CHI - Lincoln Park,,,1913,23,,374,Active,,,http://www.redfin.com/IL/Chicago/559-W-Fullerton-Pkwy-60614/unit-3W/home/13350160,MRED,11226184,N,Y,41.9253428,-87.6436886
MLS Listing,,Condo/Co-op,1848 N Halsted St #1,Chicago,IL,60614,899900,3,2.5,CHI - Lincoln Park,,,2005,23,,438,Active,,,http://www.redfin.com/IL/Chicago/1848-N-Halsted-St-60614/unit-1/home/13350799,MRED,11226155,N,Y,41.9152444,-87.6487266
MLS Listing,,Condo/Co-op,2625 N Wilton Ave #2,Chicago,IL,60614,699000,2,2.0,CHI - Lincoln Park,1328,,2021,23,526,,Active,,,http://www.redfin.com/IL/Chicago/2625-N-Wilton-Ave-60614/unit-2/home/176494551,MRED,11081290,N,Y,41.9298144,-87.6522447
MLS Listing,,Condo/Co-op,2625 N Wilton Ave #3,Chicago,IL,60614,850000,2,2.0,CHI - Lincoln Park,1328,,2021,23,640,,Active,,,http://www.redfin.com/IL/Chicago/2625-N-Wilton-Ave-60614/unit-3/home/176494550,MRED,11081294,N,Y,41.9298144,-87.6522447
MLS Listing,,Condo/Co-op,2625 N Wilton Ave #1,Chicago,IL,60614,1080000,4,2.5,CHI - Lincoln Park,2329,,2021,23,464,,Active,,,http://www.redfin.com/IL/Chicago/2625-N-Wilton-Ave-60614/unit-1/home/176494511,MRED,11081284,N,Y,41.9298144,-87.6522447
MLS Listing,,Condo/Co-op,2650 N Lakeview Ave #3607,Chicago,IL,60614,225000,1,1.0,CHI - Lincoln Park,775,,1973,23,290,652,Active,,,http://www.redfin.com/IL/Chicago/2650-N-Lakeview-Ave-60614/unit-3607/home/13365384,MRED,11216699,N,Y,41.9309314,-87.63996
MLS Listing,,Condo/Co-op,311 W Belden Ave Unit A2,Chicago,IL,60614,849000,4,2.0,CHI - Lincoln Park,2300,,1910,23,369,1149,Active,,,http://www.redfin.com/IL/Chicago/311-W-Belden-Ave-60614/unit-A2/home/175597640,MRED,11225986,N,Y,41.923357,-87.6368748
MLS Listing,,Condo/Co-op,641 W Wrightwood Ave #5,Chicago,IL,60614,1550000,3,2.5,CHI - Lincoln Park,2800,,2018,23,554,265,Active,October-17-2021 12:00 PM,October-17-2021 02:00 PM,http://www.redfin.com/IL/Chicago/641-W-Wrightwood-Ave-60614/unit-5/home/168684866,MRED,11225872,N,Y,41.9290636,-87.6443349
MLS Listing,,Condo/Co-op,641 W Wrightwood Ave #2,Chicago,IL,60614,990000,3,2.5,CHI - Lincoln Park,2000,,2018,23,495,235,Active,October-17-2021 12:00 PM,October-17-2021 02:00 PM,http://www.redfin.com/IL/Chicago/641-W-Wrightwood-Ave-60614/unit-2/home/175897563,MRED,11225874,N,Y,41.9290636,-87.6443349
MLS Listing,,Condo/Co-op,641 W Wrightwood Ave #4,Chicago,IL,60614,1250000,3,2.5,CHI - Lincoln Park,2000,,2018,23,625,235,Active,October-17-2021 12:00 PM,October-17-2021 02:00 PM,http://www.redfin.com/IL/Chicago/641-W-Wrightwood-Ave-60614/unit-4/home/175660395,MRED,11225873,N,Y,41.9290636,-87.6443349
MLS Listing,,Condo/Co-op,641 W Wrightwood Ave #3,Chicago,IL,60614,1150000,3,2.5,CHI - Lincoln Park,2000,,2018,23,575,235,Active,October-17-2021 12:00 PM,October-17-2021 02:00 PM,http://www.redfin.com/IL/Chicago/641-W-Wrightwood-Ave-60614/unit-3/home/145924454,MRED,11225875,N,Y,41.9290636,-87.6443349
MLS Listing,,Condo/Co-op,641 W Wrightwood Ave #1,Chicago,IL,60614,1150000,3,2.5,CHI - Lincoln Park,2000,,2018,23,575,225,Active,October-17-2021 12:00 PM,October-17-2021 02:00 PM,http://www.redfin.com/IL/Chicago/641-W-Wrightwood-Ave-60614/unit-1/home/169404665,MRED,11225869,N,Y,41.9290636,-87.6443349
MLS Listing,,Condo/Co-op,2550 N Lakeview Ave Unit 1001S,Chicago,IL,60614,3995000,3,3.5,Lincoln Park 2550,3965,,2012,24,1008,4184,Active,,,http://www.redfin.com/IL/Chicago/2550-N-Lakeview-Ave-60614/unit-1001S/home/121560317,MRED,11225588,N,Y,41.9291806,-87.6395339
MLS Listing,,Single Family Residential,2647 N Paulina St,Chicago,IL,60614,1775000,5,4.5,CHI - Lincoln Park,5200,3737,2003,24,341,,Active,,,http://www.redfin.com/IL/Chicago/2647-N-Paulina-St-60614/home/12699110,MRED,11225372,N,Y,41.9300603,-87.6704612
MLS Listing,,Condo/Co-op,2626 N Lakeview Ave #312,Chicago,IL,60614,345000,2,2.0,CHI - Lincoln Park,1246,,1968,24,277,1065,Active,,,http://www.redfin.com/IL/Chicago/2626-N-Lakeview-Ave-60614/unit-312/home/13367943,MRED,11225354,N,Y,41.930388,-87.639456
MLS Listing,,Condo/Co-op,1350 W Fullerton Ave #409,Chicago,IL,60614,449900,2,2.0,CHI - Lincoln Park,,,1998,24,,554,Active,October-17-2021 10:00 AM,October-17-2021 12:00 PM,http://www.redfin.com/IL/Chicago/1350-W-Fullerton-Ave-60614/unit-409/home/12772205,MRED,11224999,N,Y,41.9254567,-87.6621903
MLS Listing,,Condo/Co-op,1850 N Clark St #2808,Chicago,IL,60614,269000,1,1.0,CHI - Lincoln Park,800,,1974,24,336,796,Active,,,http://www.redfin.com/IL/Chicago/1850-N-Clark-St-60614/unit-2808/home/13343977,MRED,11224988,N,Y,41.9161894,-87.6351752
MLS Listing,,Condo/Co-op,1024 W Armitage Ave #2,Chicago,IL,60614,719000,2,2.0,CHI - Lincoln Park,1800,,,24,399,372,Active,,,http://www.redfin.com/IL/Chicago/1024-W-Armitage-Ave-60614/unit-2/home/12793194,MRED,11224957,N,Y,41.9183117,-87.6544294
MLS Listing,,Multi-Family (2-4 Unit),2539 N Seminary Ave N,Chicago,IL,60614,998000,4,2.0,CHI - Lincoln Park,,2178,1880,25,,,Active,,,http://www.redfin.com/IL/Chicago/2539-N-Seminary-Ave-60614/home/13362540,MRED,11224694,N,Y,41.9282933,-87.655935
MLS Listing,,Condo/Co-op,2512 N Bosworth Ave #308,Chicago,IL,60614,435000,2,2.0,Altgeld Commons,,,1920,25,,468,Active,,,http://www.redfin.com/IL/Chicago/2512-N-Bosworth-Ave-60614/unit-308/home/13362208,MRED,11224661,N,Y,41.9275784,-87.6672832
MLS Listing,,Condo/Co-op,1703 N Crilly Ct #2,Chicago,IL,60614,594500,3,2.0,CHI - Lincoln Park,1500,,1886,25,396,552,Active,,,http://www.redfin.com/IL/Chicago/1703-N-Crilly-Ct-60614/unit-2/home/26810114,MRED,11224150,N,Y,41.9130636,-87.6355556
MLS Listing,,Single Family Residential,1216 W Lill Ave,Chicago,IL,60614,795000,3,2.0,CHI - Lincoln Park,2510,2378,1901,25,317,,Active,,,http://www.redfin.com/IL/Chicago/1216-W-Lill-Ave-60614/home/13361962,MRED,11224133,N,Y,41.9278584,-87.6592883
MLS Listing,,Single Family Residential,1928 N Cleveland Ave,Chicago,IL,60614,4195000,6,6.5,CHI - Lincoln Park,,3110,2021,25,,,Active,,,http://www.redfin.com/IL/Chicago/1928-N-Cleveland-Ave-60614/home/13346611,MRED,11224064,N,Y,41.9173366,-87.6415118
MLS Listing,,Single Family Residential,1815 N Halsted St,Chicago,IL,60614,1995000,5,5.5,CHI - Lincoln Park,5000,3406,2006,25,399,,Active,October-17-2021 11:00 AM,October-17-2021 01:00 PM,http://www.redfin.com/IL/Chicago/1815-N-Halsted-St-60614/home/12585078,MRED,11224051,N,Y,41.9143019,-87.6480743
MLS Listing,,Condo/Co-op,2754 N Hampden Ct #1404,Chicago,IL,60614,165000,1,1.0,CHI - Lincoln Park,,,1973,25,,445,Active,,,http://www.redfin.com/IL/Chicago/2754-N-Hampden-Ct-60614/unit-1404/home/13369395,MRED,11223964,N,Y,41.9320718,-87.6428135
MLS Listing,,Condo/Co-op,2550 N Lakeview Ave Unit S3101,Chicago,IL,60614,2995000,3,3.5,CHI - Lincoln Park,2843,,2010,25,1053,2932,Active,,,http://www.redfin.com/IL/Chicago/2550-N-Lakeview-Ave-60614/unit-S3101/home/176474863,MRED,11211165,N,Y,41.9291806,-87.6395339
MLS Listing,,Condo/Co-op,2650 N Mildred Ave Unit G,Chicago,IL,60614,475000,3,2.0,CHI - Lincoln Park,2000,,1999,27,238,300,Active,October-17-2021 01:00 PM,October-17-2021 03:00 PM,http://www.redfin.com/IL/Chicago/2650-N-Mildred-Ave-60614/unit-G/home/172761987,MRED,11223183,N,Y,41.9305486,-87.6516759
MLS Listing,,Condo/Co-op,1637 W Wrightwood Ave Unit 1N,Chicago,IL,60614,400000,2,2.0,CHI - Lincoln Park,1600,,,28,250,175,Active,,,http://www.redfin.com/IL/Chicago/1637-W-Wrightwood-Ave-60614/unit-1N/home/12727148,MRED,11213182,N,Y,41.9285391,-87.6697335
MLS Listing,,Condo/Co-op,2650 N Lakeview Ave #2601,Chicago,IL,60614,405000,2,2.0,CHI - Lincoln Park,1250,,1974,28,324,965,Active,,,http://www.redfin.com/IL/Chicago/2650-N-Lakeview-Ave-60614/unit-2601/home/13366469,MRED,11222259,N,Y,41.9309314,-87.63996
MLS Listing,,Single Family Residential,1521 W Altgeld St,Chicago,IL,60614,1350000,4,3.5,CHI - Lincoln Park,4040,3105,1998,28,334,,Active,,,http://www.redfin.com/IL/Chicago/1521-W-Altgeld-St-60614/home/12584801,MRED,11221927,N,Y,41.926737,-87.666659
MLS Listing,,Single Family Residential,1844 N Burling St,Chicago,IL,60614,6295000,5,5.5,CHI - Lincoln Park,,3145,2007,28,,,Active,,,http://www.redfin.com/IL/Chicago/1844-N-Burling-St-60614/home/13348086,MRED,11221788,N,Y,41.9152128,-87.6475441
MLS Listing,,Single Family Residential,2712 N Hartland Ct,Chicago,IL,60614,1488000,4,4.5,CHI - Lincoln Park,4373,3571,2007,28,340,,Active,,,http://www.redfin.com/IL/Chicago/2712-N-Hartland-Ct-60614/home/12651504,MRED,11221765,N,Y,41.9309638,-87.6730037
MLS Listing,,Townhouse,1633 N Vine St,Chicago,IL,60614,699000,3,3.0,Clusters on Vine,1810,,1979,28,386,125,Active,October-16-2021 01:30 PM,October-16-2021 03:00 PM,http://www.redfin.com/IL/Chicago/1633-N-Vine-St-60614/home/40368781,MRED,11221641,N,Y,41.9117543,-87.6442862
MLS Listing,,Townhouse,1830 N Dayton St,Chicago,IL,60614,725000,4,2.5,CHI - Lincoln Park,,,1980,29,,486,Active,October-17-2021 10:00 AM,October-17-2021 12:00 PM,http://www.redfin.com/IL/Chicago/1830-N-Dayton-St-60614/home/13350803,MRED,11221334,N,Y,41.91468,-87.649802
MLS Listing,,Condo/Co-op,1872 N Clybourn Ave #112,Chicago,IL,60614,500000,2,2.0,Clybourn Lofts,1600,,1923,29,313,683,Active,,,http://www.redfin.com/IL/Chicago/1872-N-Clybourn-Ave-60614/unit-112/home/13350704,MRED,11218447,N,Y,41.915025,-87.655973
MLS Listing,,Condo/Co-op,2300 N Commonwealth Ave Unit 3J,Chicago,IL,60614,209000,1,1.0,CHI - Lincoln Park,,,,29,,206,Active,,,http://www.redfin.com/IL/Chicago/2300-N-Commonwealth-Ave-60614/unit-3J/home/12626349,MRED,11221231,N,Y,41.9240027,-87.6383401
MLS Listing,,Condo/Co-op,2650 N Lakeview Ave #1308,Chicago,IL,60614,259000,1,1.0,CHI - Lincoln Park,803,,1973,29,323,686,Active,,,http://www.redfin.com/IL/Chicago/2650-N-Lakeview-Ave-60614/unit-1308/home/13367822,MRED,11220902,N,Y,41.9309314,-87.63996
MLS Listing,,Condo/Co-op,432 W Grant Pl Unit 2W,Chicago,IL,60614,2499000,3,3.5,CHI - Lincoln Park,4300,,2006,29,581,1640,Active,,,http://www.redfin.com/IL/Chicago/432-W-Grant-Pl-60614/unit-2W/home/146965735,MRED,11220446,N,Y,41.9231142,-87.6402668
MLS Listing,,Condo/Co-op,1660 N Lasalle Dr #2612,Chicago,IL,60614,339000,1,1.0,CHI - Lincoln Park,,,1972,29,,652,Active,October-17-2021 11:30 AM,October-17-2021 01:30 PM,http://www.redfin.com/IL/Chicago/1660-N-LaSalle-Dr-60614/unit-2612/home/13343766,MRED,11220382,N,Y,41.9125733,-87.6335634
MLS Listing,,Condo/Co-op,2000 N Lincoln Park West #1105,Chicago,IL,60614,265000,1,1.0,CHI - Lincoln Park,,,1932,30,,673,Active,,,http://www.redfin.com/IL/Chicago/2000-N-Lincoln-Park-W-60614/unit-1105/home/18949465,MRED,11220271,N,Y,41.9199016,-87.6365672
MLS Listing,,Condo/Co-op,1850 N Clark St #503,Chicago,IL,60614,349000,2,2.0,CHI - Lincoln Park,1100,,1969,30,317,1009,Active,,,http://www.redfin.com/IL/Chicago/1850-N-Clark-St-60614/unit-503/home/13345109,MRED,11220014,N,Y,41.9161894,-87.6351752
MLS Listing,,Condo/Co-op,1937 W Diversey Pkwy Unit 4D,Chicago,IL,60614,450000,2,2.0,CHI - Lincoln Park,,,2008,30,,281,Active,,,http://www.redfin.com/IL/Chicago/1937-W-Diversey-Pkwy-60614/unit-4D/home/39550230,MRED,11219910,N,Y,41.9321065,-87.6766923
MLS Listing,,Condo/Co-op,2239 N Lincoln Ave Unit 1B,Chicago,IL,60614,234900,1,1.0,CHI - Lincoln Park,,,,30,,188,Active,,,http://www.redfin.com/IL/Chicago/2239-N-Lincoln-Ave-60614/unit-1B/home/172358506,MRED,11219909,N,Y,41.9230288,-87.6448672
MLS Listing,,Condo/Co-op,515 W Wrightwood Ave #217,Chicago,IL,60614,189000,1,1.0,CHI - Lincoln Park,,,1960,30,,336,Active,,,http://www.redfin.com/IL/Chicago/515-W-Wrightwood-Ave-60614/unit-217/home/13366827,MRED,11219555,N,Y,41.930168,-87.642054
MLS Listing,,Condo/Co-op,2728 N Hampden Ct #510,Chicago,IL,60614,174900,1,1.0,Hampden Green,750,,1970,30,233,432,Active,,,http://www.redfin.com/IL/Chicago/2728-N-Hampden-Ct-60614/unit-510/home/13369207,MRED,11179846,N,Y,41.9310983,-87.6426204
MLS Listing,,Condo/Co-op,2066 N Lincoln Ave,Chicago,IL,60614,1375000,4,3.0,CHI - Lincoln Park,,,1988,30,,430,Active,October-16-2021 09:00 AM,October-16-2021 10:30 AM,http://www.redfin.com/IL/Chicago/2066-N-Lincoln-Ave-60614/home/13349495,MRED,11219516,N,Y,41.9195545,-87.6409545
MLS Listing,,Single Family Residential,1953 N Fremont St,Chicago,IL,60614,2100000,4,3.5,CHI - Lincoln Park,3426,3001,1887,30,613,,Active,,,http://www.redfin.com/IL/Chicago/1953-N-Fremont-St-60614/unit-3/home/13350474,MRED,11219328,N,Y,41.9174861,-87.6507237
MLS Listing,,Single Family Residential,1849 N Maud Ave,Chicago,IL,60614,1749000,5,4.5,CHI - Lincoln Park,3450,1899,2009,30,507,,Active,,,http://www.redfin.com/IL/Chicago/1849-N-Maud-Ave-60614/unit-1851/home/22802013,MRED,11219248,N,Y,41.9153119,-87.653813
MLS Listing,,Single Family Residential,2129 N Seminary Ave,Chicago,IL,60614,1495000,3,2.5,CHI - Lincoln Park,2550,3101,,30,586,,Active,October-16-2021 11:00 AM,October-16-2021 12:30 PM,http://www.redfin.com/IL/Chicago/2129-N-Seminary-Ave-60614/home/13352549,MRED,11219242,N,Y,41.9207748,-87.6555902
MLS Listing,,Condo/Co-op,1777 W Altgeld St Unit I,Chicago,IL,60614,389000,2,2.0,Terra Cotta Village,,,1993,31,,293,Active,,,http://www.redfin.com/IL/Chicago/1777-W-Altgeld-St-60614/unit-I/home/13359328,MRED,11218972,N,Y,41.928171,-87.672344
MLS Listing,,Condo/Co-op,2607 N Ashland Ave Unit 3W,Chicago,IL,60614,949000,3,3.0,CHI - Lincoln Park,,,2012,31,,419,Active,,,http://www.redfin.com/IL/Chicago/2607-N-Ashland-Ave-60614/unit-3W/home/113097297,MRED,11218838,N,Y,41.929063,-87.6678869
MLS Listing,,Condo/Co-op,627 W Arlington Pl Unit 2S,Chicago,IL,60614,264900,1,1.0,CHI - Lincoln Park,,,1905,31,,170,Active,,,http://www.redfin.com/IL/Chicago/627-W-Arlington-Pl-60614/unit-2S/home/12623596,MRED,11218834,N,Y,41.926372,-87.645041
MLS Listing,,Condo/Co-op,1155 W Armitage Ave #305,Chicago,IL,60614,569900,2,2.0,CHI - Lincoln Park,1331,,1995,31,428,583,Active,,,http://www.redfin.com/IL/Chicago/1155-W-Armitage-Ave-60614/unit-305/home/172764835,MRED,11218758,N,Y,41.9178571,-87.6577124
MLS Listing,,Condo/Co-op,729 W Diversey Pkwy #3,Chicago,IL,60614,929000,3,2.0,CHI - Lincoln Park,1900,,2017,31,489,220,Active,,,http://www.redfin.com/IL/Chicago/729-W-Diversey-Pkwy-60614/unit-3/home/13368179,MRED,11218695,N,Y,41.932192,-87.6477262
MLS Listing,,Condo/Co-op,447 W Fullerton Pkwy Unit 1W,Chicago,IL,60614,599900,3,3.0,CHI - Lincoln Park,2600,,1900,31,231,600,Active,,,http://www.redfin.com/IL/Chicago/447-W-Fullerton-Pkwy-60614/unit-1W/home/145024647,MRED,11218687,N,Y,41.9253818,-87.6408775
MLS Listing,,Condo/Co-op,2650 N Lakeview Ave #1104,Chicago,IL,60614,235000,1,1.0,CHI - Lincoln Park,,,1972,31,,466,Active,,,http://www.redfin.com/IL/Chicago/2650-N-Lakeview-Ave-60614/unit-1104/home/13366587,MRED,11218460,N,Y,41.9309314,-87.63996
MLS Listing,,Condo/Co-op,1850 N Clark St #2508,Chicago,IL,60614,275000,1,1.0,CHI - Lincoln Park,800,,1974,31,344,796,Active,,,http://www.redfin.com/IL/Chicago/1850-N-Clark-St-60614/unit-2508/home/13344083,MRED,11218346,N,Y,41.9161894,-87.6351752
MLS Listing,,Condo/Co-op,2442 N Clybourn Ave #1,Chicago,IL,60614,439000,3,2.0,CHI - Lincoln Park,1800,,2016,31,244,198,Active,,,http://www.redfin.com/IL/Chicago/2442-N-Clybourn-Ave-60614/unit-1/home/102896811,MRED,11218240,N,Y,41.925917,-87.670946
MLS Listing,,Condo/Co-op,1660 N La Salle Dr #507,Chicago,IL,60614,220000,1,1.0,CHI - Lincoln Park,782,,1974,31,281,598,Active,,,http://www.redfin.com/IL/Chicago/1660-N-LaSalle-Dr-60614/unit-507/home/13342551,MRED,11218212,N,Y,41.9125733,-87.6335634
MLS Listing,,Condo/Co-op,1947 W Diversey Pkwy,Chicago,IL,60614,1175000,4,3.5,CHI - Lincoln Park,3600,,2016,32,326,624,Active,,,http://www.redfin.com/IL/Chicago/1947-W-Diversey-Pkwy-60614/Ph/home/175566894,MRED,11218052,N,Y,41.932134,-87.6769889
MLS Listing,,Condo/Co-op,1626 N Orchard St Unit B,Chicago,IL,60614,674000,3,2.0,CHI - Lincoln Park,1750,,1988,32,385,117,Active,,,http://www.redfin.com/IL/Chicago/1626-N-Orchard-St-60614/unit-B/home/13346728,MRED,11217363,N,Y,41.911786,-87.646224
MLS Listing,,Condo/Co-op,2336 N Commonwealth Ave #203,Chicago,IL,60614,130000,0,1.0,CHI - Lincoln Park,450,,1967,32,289,209,Active,,,http://www.redfin.com/IL/Chicago/2336-N-Commonwealth-Ave-60614/unit-203/home/13348550,MRED,11217324,N,Y,41.924798,-87.638596
MLS Listing,,Condo/Co-op,2379 N Wayne Ave,Chicago,IL,60614,639000,2,2.5,CHI - Lincoln Park,1800,,1988,32,355,384,Active,,,http://www.redfin.com/IL/Chicago/2379-N-Wayne-Ave-60614/home/13352841,MRED,11217224,N,Y,41.9243174,-87.66185
MLS Listing,,Condo/Co-op,2020 N Lincoln Park West Unit 18M,Chicago,IL,60614,364900,2,2.0,CHI - Lincoln Park,1102,,1974,33,331,1117,Active,October-17-2021 12:00 PM,October-17-2021 02:00 PM,http://www.redfin.com/IL/Chicago/2020-N-Lincoln-Park-W-60614/unit-18M/home/13347314,MRED,11216741,N,Y,41.9188778,-87.6366791
MLS Listing,,Condo/Co-op,2141 N Lakewood Ave Unit 2SF,Chicago,IL,60614,550000,3,2.0,CHI - Lincoln Park,,,,34,,263,Active,,,http://www.redfin.com/IL/Chicago/2141-N-Lakewood-Ave-60614/unit-2SF/home/13353962,MRED,11216418,N,Y,41.921006,-87.660394
MLS Listing,,Condo/Co-op,2646 N Halsted St Unit 2S,Chicago,IL,60614,650000,3,2.0,CHI - Lincoln Park,,,2014,34,,308,Active,October-17-2021 02:00 PM,October-17-2021 04:00 PM,http://www.redfin.com/IL/Chicago/2646-N-Halsted-St-60614/unit-2S/home/175638569,MRED,11216373,N,Y,41.9304419,-87.6492413
MLS Listing,,Condo/Co-op,2757 N Wayne Ave Unit B,Chicago,IL,60614,379000,2,2.5,CHI - Lincoln Park,1300,,1989,34,292,305,Active,,,http://www.redfin.com/IL/Chicago/2757-N-Wayne-Ave-60614/unit-B/home/145741024,MRED,11216153,N,Y,41.932104,-87.661945
MLS Listing,,Condo/Co-op,2600 N Hampden Ct Unit C3,Chicago,IL,60614,179900,0,1.0,CHI - Lincoln Park,,,1968,35,,216,Active,,,http://www.redfin.com/IL/Chicago/2600-N-Hampden-Ct-60614/unit-C3/home/12613040,MRED,11215872,N,Y,41.9294044,-87.6409972
MLS Listing,,Condo/Co-op,1850 N Clark St #2803,Chicago,IL,60614,354900,2,2.0,Hemingway House,1100,,1974,35,323,1127,Active,,,http://www.redfin.com/IL/Chicago/1850-N-Clark-St-60614/unit-2803/home/13345202,MRED,11215861,N,Y,41.9161894,-87.6351752
MLS Listing,,Single Family Residential,1240 W Lill Ave,Chicago,IL,60614,749000,3,3.0,CHI - Lincoln Park,1392,2378,1901,35,538,,Active,October-17-2021 12:00 PM,October-17-2021 02:00 PM,http://www.redfin.com/IL/Chicago/1240-W-Lill-Ave-60614/home/13360991,MRED,11215763,N,Y,41.9278815,-87.6601846
MLS Listing,,Condo/Co-op,2650 N Lakeview Ave #708,Chicago,IL,60614,242000,1,1.0,CHI - Lincoln Park,808,,1973,35,300,647,Active,,,http://www.redfin.com/IL/Chicago/2650-N-Lakeview-Ave-60614/unit-708/home/13367425,MRED,11215654,N,Y,41.9309314,-87.63996
MLS Listing,,Condo/Co-op,1850 N Clark St #802,Chicago,IL,60614,240000,1,1.0,CHI - Lincoln Park,830,,1974,35,289,609,Active,,,http://www.redfin.com/IL/Chicago/1850-N-Clark-St-60614/unit-802/home/13344099,MRED,11215592,N,Y,41.9161894,-87.6351752
MLS Listing,,Condo/Co-op,2309 N Commonwealth Ave Unit 1E,Chicago,IL,60614,349999,1,1.0,CHI - Lincoln Park,900,,1916,35,389,412,Active,,,http://www.redfin.com/IL/Chicago/2309-N-Commonwealth-Ave-60614/unit-1E/home/13348531,MRED,11215446,N,Y,41.9242741,-87.6378213
MLS Listing,,Townhouse,623 W Drummond Pl #7,Chicago,IL,60614,575000,3,2.5,CHI - Lincoln Park,2200,,1989,35,261,,Active,,,http://www.redfin.com/IL/Chicago/623-W-Drummond-Pl-60614/unit-7/home/13368963,MRED,11214969,N,Y,41.930136,-87.6446409
MLS Listing,,Single Family Residential,218 W St Paul Ave,Chicago,IL,60614,1150000,3,2.5,CHI - Lincoln Park,,1724,,35,,,Active,,,http://www.redfin.com/IL/Chicago/218-W-St-Paul-Ave-60614/home/13345479,MRED,11214925,N,Y,41.9137775,-87.6356257
MLS Listing,,Condo/Co-op,1850 N Clark St #2506,Chicago,IL,60614,230000,0,1.0,Hemingway House,600,,1969,35,383,600,Active,,,http://www.redfin.com/IL/Chicago/1850-N-Clark-St-60614/unit-2506/home/13344804,MRED,11214885,N,Y,41.9161894,-87.6351752
MLS Listing,,Condo/Co-op,1937 W Diversey Pkwy Unit 2A,Chicago,IL,60614,474700,2,2.0,CHI - Lincoln Park,1350,,2008,36,352,268,Active,October-16-2021 11:00 AM,October-16-2021 01:00 PM,http://www.redfin.com/IL/Chicago/1937-W-Diversey-Pkwy-60614/unit-2A/home/21796140,MRED,11066893,N,Y,41.9321065,-87.6766923
MLS Listing,,Single Family Residential,1919 N Fremont St,Chicago,IL,60614,2275000,4,4.5,CHI - Lincoln Park,4405,3001,2003,36,516,,Active,,,http://www.redfin.com/IL/Chicago/1919-N-Fremont-St-60614/home/13350691,MRED,11207934,N,Y,41.9165638,-87.6506177
MLS Listing,,Condo/Co-op,2128 N Hudson Ave #204,Chicago,IL,60614,389000,2,2.0,CHI - Lincoln Park,,,1932,36,,282,Active,,,http://www.redfin.com/IL/Chicago/2128-N-Hudson-Ave-60614/unit-204/home/12638317,MRED,11214148,N,Y,41.9210251,-87.6403374
MLS Listing,,Townhouse,1616 N Hudson Ave #6,Chicago,IL,60614,835000,5,3.0,Hudson Mews,,,1988,36,,915,Active,October-16-2021 11:00 AM,October-16-2021 01:00 PM,http://www.redfin.com/IL/Chicago/1616-N-Hudson-Ave-60614/unit-6/home/13346869,MRED,11214124,N,Y,41.911554,-87.640133
MLS Listing,,Condo/Co-op,2314 N Lincoln Park West Ave Unit 20S,Chicago,IL,60614,639000,2,2.0,CHI - Lincoln Park,1600,,1979,36,399,1790,Active,,,http://www.redfin.com/IL/Chicago/2314-N-Lincoln-Park-W-60614/unit-20S/home/176344629,MRED,11213788,N,Y,41.9243651,-87.637028
MLS Listing,,Condo/Co-op,1501 W Diversey Pkwy Unit B,Chicago,IL,60614,530000,2,2.5,CHI - Lincoln Park,1600,,2001,36,331,302,Active,,,http://www.redfin.com/IL/Chicago/1501-W-Diversey-Pkwy-60614/unit-B/home/12716041,MRED,11199893,N,Y,41.9322765,-87.6661361
MLS Listing,,Condo/Co-op,2116 N Halsted St #2,Chicago,IL,60614,1095000,4,3.5,CHI - Lincoln Park,2700,,2008,36,406,200,Active,October-16-2021 11:00 AM,October-16-2021 12:30 PM,http://www.redfin.com/IL/Chicago/2116-N-Halsted-St-60614/unit-2/home/40376958,MRED,11213668,N,Y,41.9205285,-87.6488155
MLS Listing,,Condo/Co-op,1640 N Orchard St Unit A,Chicago,IL,60614,1049000,3,3.0,CHI - Lincoln Park,2596,,1988,36,404,,Active,,,http://www.redfin.com/IL/Chicago/1640-N-Orchard-St-60614/unit-A/home/13346910,MRED,11213490,N,Y,41.912157,-87.646241
MLS Listing,,Condo/Co-op,1637 W Wrightwood Ave Unit 2S,Chicago,IL,60614,219000,1,1.0,CHI - Lincoln Park,,,,36,,143,Active,,,http://www.redfin.com/IL/Chicago/1637-W-Wrightwood-Ave-60614/unit-2S/home/12573960,MRED,11213406,N,Y,41.9285391,-87.6697335
MLS Listing,,Condo/Co-op,1960 N Lincoln Park West Ave #1306,Chicago,IL,60614,273000,1,1.0,CHI - Lincoln Park,,,1967,36,,614,Active,,,http://www.redfin.com/IL/Chicago/1960-N-Lincoln-Park-W-60614/unit-1306/home/13345844,MRED,11213330,N,Y,41.918107,-87.636887
MLS Listing,,Single Family Residential,2661 N Dayton St,Chicago,IL,60614,2195000,6,3.5,CHI - Lincoln Park,5850,,1999,36,375,,Active,,,http://www.redfin.com/IL/Chicago/2661-N-Dayton-St-60614/home/13360396,MRED,11213298,N,Y,41.9308408,-87.6498832
MLS Listing,,Townhouse,2757 N Greenview Ave Unit C,Chicago,IL,60614,839900,5,4.5,CHI - Lincoln Park,2800,,2000,37,300,375,Active,,,http://www.redfin.com/IL/Chicago/2757-N-Greenview-Ave-60614/unit-C/home/12772423,MRED,11203678,N,Y,41.9322753,-87.6656428
MLS Listing,,Condo/Co-op,2350 N Lincoln Park West Unit 4N,Chicago,IL,60614,2250000,4,3.5,CHI - Lincoln Park,3618,,1916,37,622,1857,Active,,,http://www.redfin.com/IL/Chicago/2350-N-Lincoln-Park-W-60614/unit-4N/home/176342283,MRED,11213039,N,Y,41.9253585,-87.6370138
MLS Listing,,Condo/Co-op,2749 N Lakewood Ave Unit 3S,Chicago,IL,60614,1275000,4,3.5,CHI - Lincoln Park,3500,,2016,37,364,508,Active,,,http://www.redfin.com/IL/Chicago/2749-N-Lakewood-Ave-60614/unit-3S/home/104006999,MRED,11212774,N,Y,41.9321314,-87.6608488
MLS Listing,,Condo/Co-op,2550 N Lakeview Ave Unit N2101,Chicago,IL,60614,2350000,3,3.5,CHI - Lincoln Park,2241,,2010,37,1049,1919,Active,,,http://www.redfin.com/IL/Chicago/2550-N-Lakeview-Ave-60614/unit-N2101/home/176341239,MRED,11212663,N,Y,41.9291806,-87.6395339
MLS Listing,,Condo/Co-op,1700 N Larrabee St,Chicago,IL,60614,850000,3,3.0,Willows,,,1980,37,,480,Active,,,http://www.redfin.com/IL/Chicago/1700-N-Larrabee-St-60614/home/13346840,MRED,11212610,N,Y,41.912792,-87.643749
MLS Listing,,Condo/Co-op,900 W Fullerton Ave Unit 4C,Chicago,IL,60614,239900,1,1.0,CHI - Lincoln Park,,,1971,37,,350,Active,,,http://www.redfin.com/IL/Chicago/900-W-Fullerton-Ave-60614/unit-4C/home/12753599,MRED,11212539,N,Y,41.9256398,-87.6512527
MLS Listing,,Condo/Co-op,1038 W Altgeld St #2,Chicago,IL,60614,750000,2,2.0,CHI - Lincoln Park,,,2021,37,,177,Active,,,http://www.redfin.com/IL/Chicago/1038-W-Altgeld-St-60614/unit-2/home/175153044,MRED,11212519,N,Y,41.9273879,-87.6552793
MLS Listing,,Single Family Residential,1919 N Lincoln Park West,Chicago,IL,60614,1300000,4,3.5,CHI - Lincoln Park,3000,,1888,37,433,,Active,,,http://www.redfin.com/IL/Chicago/1919-N-Lincoln-Park-W-60614/home/13344379,MRED,11207456,N,Y,41.9171482,-87.6361361
MLS Listing,,Condo/Co-op,1335 W Altgeld St Unit 1D,Chicago,IL,60614,469500,2,1.5,Piano Factory Lofts,1400,,1892,37,335,338,Active,,,http://www.redfin.com/IL/Chicago/1335-W-Altgeld-St-60614/unit-1D/home/13361999,MRED,11212469,N,Y,41.9268504,-87.6620384
MLS Listing,,Single Family Residential,522 W Deming Pl,Chicago,IL,60614,6300000,6,5.5,CHI - Lincoln Park,6600,7217,1883,37,955,,Active,,,http://www.redfin.com/IL/Chicago/522-W-Deming-Pl-60614/home/13367725,MRED,10945929,N,Y,41.9285393,-87.6432947
MLS Listing,,Condo/Co-op,937 W Wrightwood Ave Unit B,Chicago,IL,60614,479000,3,2.5,CHI - Lincoln Park,1700,,1988,37,282,333,Active,October-16-2021 11:30 AM,October-16-2021 01:00 PM,http://www.redfin.com/IL/Chicago/937-W-Wrightwood-Ave-60614/unit-B/home/13360723,MRED,11212168,N,Y,41.9287727,-87.652853
MLS Listing,,Condo/Co-op,2121 N Sheffield Ave Unit 2E,Chicago,IL,60614,255000,2,1.0,CHI - Lincoln Park,,,1900,37,,132,Active,,,http://www.redfin.com/IL/Chicago/2121-N-Sheffield-Ave-60614/unit-2E/home/13351960,MRED,11211986,N,Y,41.9205659,-87.6531235
MLS Listing,,Condo/Co-op,1960 N Lincoln Park West #2408,Chicago,IL,60614,224900,1,1.0,CHI - Lincoln Park,,,1972,38,,634,Active,,,http://www.redfin.com/IL/Chicago/1960-N-Lincoln-Park-W-60614/unit-2408/home/13344445,MRED,11211704,N,Y,41.918107,-87.636887
MLS Listing,,Condo/Co-op,2749 N Hampden Ct Unit 2E,Chicago,IL,60614,265000,1,1.0,CHI - Lincoln Park,800,,1916,38,331,322,Active,October-17-2021 03:00 PM,October-17-2021 04:30 PM,http://www.redfin.com/IL/Chicago/2749-N-Hampden-Ct-60614/unit-2E/home/13368542,MRED,11211693,N,Y,41.9320662,-87.6418985
MLS Listing,,Multi-Family (2-4 Unit),2633 N Sheffield Ave,Chicago,IL,60614,650000,6,2.0,CHI - Lincoln Park,,3049,1884,38,,,Active,,,http://www.redfin.com/IL/Chicago/2633-N-Sheffield-Ave-60614/home/13362556,MRED,11211431,N,Y,41.930015,-87.653418
MLS Listing,,Condo/Co-op,2700 N Halsted St Ph 2,Chicago,IL,60614,519000,2,2.0,CHI - Lincoln Park,,,2002,38,,671,Active,,,http://www.redfin.com/IL/Chicago/2700-N-Halsted-St-60614/unit-2/home/12633991,MRED,11211305,N,Y,41.931427,-87.649309
MLS Listing,,Single Family Residential,2032 N Clifton Ave,Chicago,IL,60614,3499900,5,6.0,CHI - Lincoln Park,7500,3101,1883,38,467,,Active,,,http://www.redfin.com/IL/Chicago/2032-N-Clifton-Ave-60614/home/13351858,MRED,11211226,N,Y,41.9190633,-87.6572843
MLS Listing,,Condo/Co-op,2629 N Hampden Ct #306,Chicago,IL,60614,175000,1,1.0,CHI - Lincoln Park,,,1971,38,,285,Active,,,http://www.redfin.com/IL/Chicago/2629-N-Hampden-Ct-60614/unit-306/home/13366488,MRED,11211167,N,Y,41.9301734,-87.640809
MLS Listing,,Condo/Co-op,1926 N Lincoln Park West Unit 2B,Chicago,IL,60614,745000,3,2.5,CHI - Lincoln Park,,,2004,38,,363,Active,,,http://www.redfin.com/IL/Chicago/1926-N-Lincoln-Park-W-60614/unit-2B/home/45511123,MRED,11211158,N,Y,41.9172493,-87.6368201
MLS Listing,,Condo/Co-op,2745 N Greenview Ave #1,Chicago,IL,60014,1250000,4,3.5,CHI - Lincoln Park,2750,,2021,38,455,160,Active,,,http://www.redfin.com/IL/Chicago/2745-N-Greenview-Ave-60614/unit-1/home/176329873,MRED,11211073,N,Y,41.9319746,-87.6655301
MLS Listing,,Single Family Residential,620 W Fullerton Pkwy,Chicago,IL,60614,3995000,5,4.0,CHI - Lincoln Park,5000,,1886,38,799,,Active,,,http://www.redfin.com/IL/Chicago/620-W-Fullerton-Pkwy-60614/home/13367672,MRED,11211082,N,Y,41.9257808,-87.6448362
MLS Listing,,Condo/Co-op,2741 N Mildred Ave Unit 1N,Chicago,IL,60614,1025000,4,2.5,CHI - Lincoln Park,2700,,2009,38,380,356,Active,,,http://www.redfin.com/IL/Chicago/2741-N-Mildred-Ave-60614/unit-1N/home/40368911,MRED,11211039,N,Y,41.9321439,-87.6511168
MLS Listing,,Townhouse,641 W Willow St #149,Chicago,IL,60614,589000,2,3.0,CHI - Lincoln Park,,,1981,38,,864,Active,,,http://www.redfin.com/IL/Chicago/641-W-Willow-St-60614/unit-149/home/13346123,MRED,11211005,N,Y,41.913305,-87.6456354
MLS Listing,,Condo/Co-op,1660 N Lasalle St #1901,Chicago,IL,60614,499900,2,2.0,CHI - Lincoln Park,,,1972,38,,968,Active,,,http://www.redfin.com/IL/Chicago/1660-N-LaSalle-Dr-60614/unit-1901/home/13343156,MRED,11211010,N,Y,41.9125733,-87.6335634
MLS Listing,,Condo/Co-op,2704 N Bosworth Ave Unit 1S,Chicago,IL,60614,1149000,4,3.5,CHI - Lincoln Park,,,2020,38,,225,Active,,,http://www.redfin.com/IL/Chicago/2704-N-Bosworth-Ave-60614/unit-1S/home/175661506,MRED,11210941,N,Y,41.9308294,-87.6674184
MLS Listing,,Condo/Co-op,2335 N Bosworth Ave #2,Chicago,IL,60614,449000,2,2.0,CHI - Lincoln Park,1300,,1997,38,345,175,Active,,,http://www.redfin.com/IL/Chicago/2335-N-Bosworth-Ave-60614/unit-2/home/144942226,MRED,11210876,N,Y,41.9243789,-87.6666442
MLS Listing,,Townhouse,410 W Wisconsin St Unit C,Chicago,IL,60614,1245000,4,4.0,CHI - Lincoln Park,3000,,1990,38,415,711,Active,October-16-2021 01:00 PM,October-16-2021 03:00 PM,http://www.redfin.com/IL/Chicago/410-W-Wisconsin-St-60614/unit-C/home/13345645,MRED,11210852,N,Y,41.9167459,-87.6392429
MLS Listing,,Single Family Residential,2244 N Wayne Ave,Chicago,IL,60614,2850000,5,4.5,CHI - Lincoln Park,5500,2975,2006,38,518,,Active,,,http://www.redfin.com/IL/Chicago/2244-N-Wayne-Ave-60614/home/13353688,MRED,11210829,N,Y,41.9229704,-87.6623101
MLS Listing,,Condo/Co-op,2503 N Halsted St #4,Chicago,IL,60614,799000,3,2.5,CHI - Lincoln Park,1700,,2003,38,470,131,Active,,,http://www.redfin.com/IL/Chicago/2503-N-Halsted-St-60614/unit-4/home/12659425,MRED,11199187,N,Y,41.9274077,-87.648575
MLS Listing,,Townhouse,2036 N Sedgwick St Unit G,Chicago,IL,60614,849900,3,2.5,The Pointe,2500,,1995,38,340,602,Active,,,http://www.redfin.com/IL/Chicago/2036-N-Sedgwick-St-60614/unit-G/home/176326904,MRED,11210784,N,Y,41.919333,-87.63909
MLS Listing,,Single Family Residential,225 W Menomonee St,Chicago,IL,60614,2195000,4,2.5,CHI - Lincoln Park,3300,2626,2021,43,665,,Active,,,http://www.redfin.com/IL/Chicago/225-W-Menomonee-St-60614/home/13344487,MRED,11208287,N,Y,41.9146354,-87.6358939
MLS Listing,,Condo/Co-op,2650 N Lakeview Ave #510,Chicago,IL,60614,664900,3,2.5,CHI - Lincoln Park,1576,,1973,43,422,1296,Active,,,http://www.redfin.com/IL/Chicago/2650-N-Lakeview-Ave-60614/unit-510/home/13366484,MRED,11207326,N,Y,41.9309314,-87.63996
MLS Listing,,Single Family Residential,2051 N Bissell St,Chicago,IL,60614,1450000,4,3.5,CHI - Lincoln Park,4000,3123,1871,43,363,,Active,,,http://www.redfin.com/IL/Chicago/2051-N-Bissell-St-60614/home/13352328,MRED,11207313,N,Y,41.9196149,-87.6519636
MLS Listing,,Condo/Co-op,345 W Fullerton Pkwy #3008,Chicago,IL,60614,829000,3,3.0,CHI - Lincoln Park,2150,,1972,43,386,1715,Active,,,http://www.redfin.com/IL/Chicago/345-W-Fullerton-Pkwy-60614/unit-3008/home/175566961,MRED,11207217,N,Y,41.9252454,-87.638571
MLS Listing,,Condo/Co-op,2545 N Southport Ave #2,Chicago,IL,60614,614000,2,2.0,CHI - Lincoln Park,,,2017,43,,166,Active,,,http://www.redfin.com/IL/Chicago/2545-N-Southport-Ave-60614/unit-2/home/171313069,MRED,11207186,N,Y,41.9283991,-87.6630257
MLS Listing,,Condo/Co-op,900 W Fullerton Ave Unit 5B,Chicago,IL,60614,219900,1,1.0,CHI - Lincoln Park,,,1970,44,,315,Active,,,http://www.redfin.com/IL/Chicago/900-W-Fullerton-Ave-60614/unit-5B/home/12740802,MRED,11206857,N,Y,41.9256398,-87.6512527
MLS Listing,,Condo/Co-op,646 W Belden Ave Unit C,Chicago,IL,60614,419000,2,1.5,CHI - Lincoln Park,,,1967,45,,234,Active,,,http://www.redfin.com/IL/Chicago/646-W-Belden-Ave-60614/unit-C/home/175822975,MRED,11205285,N,Y,41.9238569,-87.6457435
MLS Listing,,Condo/Co-op,1660 N Lasalle Dr #1907,Chicago,IL,60614,275000,1,1.0,CHI - Lincoln Park,800,,1971,45,344,611,Active,,,http://www.redfin.com/IL/Chicago/1660-N-LaSalle-Dr-60614/unit-1907/home/13343258,MRED,11205291,N,Y,41.9125733,-87.6335634
MLS Listing,,Single Family Residential,529 W Wrightwood Ave,Chicago,IL,60614,1729000,4,3.5,CHI - Lincoln Park,,,1906,45,,,Active,,,http://www.redfin.com/IL/Chicago/529-W-Wrightwood-Ave-60614/home/18951899,MRED,11205172,N,Y,41.9301452,-87.6424849
MLS Listing,,Condo/Co-op,1872 N Clybourn Ave #204,Chicago,IL,60614,489995,2,1.0,Clybourn Lofts,1433,,1923,46,342,624,Active,October-17-2021 11:30 AM,October-17-2021 01:00 PM,http://www.redfin.com/IL/Chicago/1872-N-Clybourn-Ave-60614/unit-000204/home/13350737,MRED,11204664,N,Y,41.915072,-87.655634
MLS Listing,,Condo/Co-op,1610 W Fullerton Ave #408,Chicago,IL,60614,429000,3,2.0,CHI - Lincoln Park,1600,,2007,46,268,533,Active,,,http://www.redfin.com/IL/Chicago/1610-W-Fullerton-Ave-60614/unit-408/home/21837364,MRED,11204244,N,Y,41.9254266,-87.6687014
MLS Listing,,Single Family Residential,541 W Belden Ave,Chicago,IL,60614,1895000,4,3.5,CHI - Lincoln Park,3000,3097,1881,46,632,,Active,,,http://www.redfin.com/IL/Chicago/541-W-Belden-Ave-60614/home/13349939,MRED,11203824,N,Y,41.923499,-87.6430965
MLS Listing,,Condo/Co-op,1919 N Bissell St Unit M,Chicago,IL,60614,414900,2,2.0,CHI - Lincoln Park,,,1910,48,,404,Active,,,http://www.redfin.com/IL/Chicago/1919-N-Bissell-St-60614/unit-M/home/13350842,MRED,11203244,N,Y,41.916592,-87.651764
MLS Listing,,Townhouse,623 W Drummond Pl #3,Chicago,IL,60614,489000,3,2.5,CHI - Lincoln Park,1558,,1991,48,314,,Active,,,http://www.redfin.com/IL/Chicago/623-W-Drummond-Pl-60614/unit-3/home/172568151,MRED,11203238,N,Y,41.930136,-87.6446409
MLS Listing,,Condo/Co-op,208 W Eugenie St #1,Chicago,IL,60614,359500,1,1.0,CHI - Lincoln Park,1000,,,49,360,378,Active,,,http://www.redfin.com/IL/Chicago/208-W-Eugenie-St-60614/unit-1/home/26810077,MRED,11202958,N,Y,41.9129612,-87.6351108
MLS Listing,,Condo/Co-op,2521 N Ashland Ave #3,Chicago,IL,60614,949000,3,2.0,CHI - Lincoln Park,,,2011,49,,200,Active,,,http://www.redfin.com/IL/Chicago/2521-N-Ashland-Ave-60614/unit-3/home/52634386,MRED,11184093,N,Y,41.9276652,-87.6678568
MLS Listing,,Condo/Co-op,2728 N Hampden Ct #809,Chicago,IL,60614,179900,1,1.0,CHI - Lincoln Park,750,,1968,49,240,402,Active,,,http://www.redfin.com/IL/Chicago/2728-N-Hampden-Ct-60614/unit-809/home/13368225,MRED,11202645,N,Y,41.9310983,-87.6426204
MLS Listing,,Condo/Co-op,2612 N Orchard St #2,Chicago,IL,60614,569000,2,2.0,CHI - Lincoln Park,,,1997,49,,250,Active,,,http://www.redfin.com/IL/Chicago/2612-N-Orchard-St-60614/unit-2/home/12774389,MRED,11202409,N,Y,41.9296262,-87.6467899
MLS Listing,,Condo/Co-op,2663 N Ashland Ave Unit 3S,Chicago,IL,60614,675000,3,2.5,CHI - Lincoln Park,2125,,2007,49,318,303,Active,October-16-2021 11:00 AM,October-16-2021 01:00 PM,http://www.redfin.com/IL/Chicago/2663-N-Ashland-Ave-60614/unit-3S/home/39562671,MRED,11202351,N,Y,41.9306494,-87.6680135
MLS Listing,,Townhouse,2629 N Seminary Ave Unit B,Chicago,IL,60614,525000,2,2.0,CHI - Lincoln Park,1600,,1996,49,328,125,Active,,,http://www.redfin.com/IL/Chicago/2629-N-Seminary-Ave-60614/unit-B/home/13360607,MRED,11202286,N,Y,41.9299411,-87.6559936
MLS Listing,,Townhouse,1967 N Maud Ave Unit A,Chicago,IL,60614,700000,2,2.0,CHI - Lincoln Park,2000,,1989,50,350,312,Active,,,http://www.redfin.com/IL/Chicago/1967-N-Maud-Ave-60614/unit-A/home/145669329,MRED,11201530,N,Y,41.917425,-87.656851
MLS Listing,,Condo/Co-op,2650 N Lakeview Ave #806,Chicago,IL,60614,265000,1,1.0,CHI - Lincoln Park,800,,1974,50,331,617,Active,,,http://www.redfin.com/IL/Chicago/2650-N-Lakeview-Ave-60614/unit-806/home/13367361,MRED,11201531,N,Y,41.9309314,-87.63996
MLS Listing,,Condo/Co-op,1525 W Montana St #3,Chicago,IL,60614,589000,3,3.0,CHI - Lincoln Park,1850,,2002,50,318,247,Active,,,http://www.redfin.com/IL/Chicago/1525-W-Montana-St-60614/unit-3/home/12753600,MRED,11201229,N,Y,41.9258165,-87.6669167
MLS Listing,,Single Family Residential,2735 N Hermitage Ave,Chicago,IL,60614,2050000,6,5.0,CHI - Lincoln Park,6000,5309,2002,51,342,89,Active,October-17-2021 12:00 PM,October-17-2021 02:00 PM,http://www.redfin.com/IL/Chicago/2735-N-Hermitage-Ave-60614/home/12772265,MRED,11200252,N,Y,41.9316842,-87.6714918
MLS Listing,,Condo/Co-op,2400 N Lakeview Ave #2006,Chicago,IL,60614,475000,3,2.0,CHI - Lincoln Park,1550,,1963,51,306,1279,Active,,,http://www.redfin.com/IL/Chicago/2400-N-Lakeview-Ave-60614/unit-2006/home/13364911,MRED,11200122,N,Y,41.9258612,-87.6393226
MLS Listing,,Condo/Co-op,2341 N Commonwealth Ave Unit 2B,Chicago,IL,60614,520000,3,2.0,CHI - Lincoln Park,,,,52,,653,Active,,,http://www.redfin.com/IL/Chicago/2341-N-Commonwealth-Ave-60614/unit-2B/home/12557163,MRED,11199225,N,Y,41.9249421,-87.6379637
MLS Listing,,Townhouse,519 W Dickens Ave,Chicago,IL,60614,615000,3,2.5,CHI - Lincoln Park,1875,,1967,52,328,300,Active,,,http://www.redfin.com/IL/Chicago/519-W-Dickens-Ave-60614/home/13349971,MRED,11199128,N,Y,41.9198949,-87.642069
MLS Listing,,Condo/Co-op,2727 N Wilton Ave #1,Chicago,IL,60614,590000,3,2.0,CHI - Lincoln Park,1800,,2006,52,328,149,Active,,,http://www.redfin.com/IL/Chicago/2727-N-Wilton-Ave-60614/unit-1/home/18931512,MRED,11198516,N,Y,41.9317045,-87.6523114
MLS Listing,,Condo/Co-op,2626 N Lakeview Ave #808,Chicago,IL,60614,324900,2,2.0,CHI - Lincoln Park,1250,,1969,53,260,1091,Active,,,http://www.redfin.com/IL/Chicago/2626-N-Lakeview-Ave-60614/unit-808/home/13367345,MRED,11197947,N,Y,41.930388,-87.639456
MLS Listing,,Condo/Co-op,1636 N Wells St #1502,Chicago,IL,60614,174665,0,1.0,CHI - Lincoln Park,,,,53,,434,Active,,,http://www.redfin.com/IL/Chicago/1636-N-Wells-St-60614/unit-1502/home/13343852,MRED,11197812,N,Y,41.9123149,-87.6353087
MLS Listing,,Condo/Co-op,2552 N Seminary Ave #1,Chicago,IL,60614,225000,1,1.0,CHI - Lincoln Park,,,1900,53,,256,Active,,,http://www.redfin.com/IL/Chicago/2552-N-Seminary-Ave-60614/unit-1/home/176182501,MRED,11197756,N,Y,41.928689,-87.6563819
MLS Listing,,Condo/Co-op,836 W Fullerton Ave Unit 3E,Chicago,IL,60614,559900,3,2.0,CHI - Lincoln Park,,,1999,53,,246,Active,,,http://www.redfin.com/IL/Chicago/836-W-Fullerton-Ave-60614/unit-3E/home/175519569,MRED,11197614,N,Y,41.92572,-87.650296
MLS Listing,,Condo/Co-op,600 W Drummond Pl #311,Chicago,IL,60614,689000,3,2.0,CHI - Lincoln Park,1751,,2003,56,393,766,Active,,,http://www.redfin.com/IL/Chicago/600-W-Drummond-Pl-60614/unit-311/home/12570270,MRED,11195722,N,Y,41.9309824,-87.6444687
MLS Listing,,Condo/Co-op,1960 N Lincoln Ave #2611,Chicago,IL,60614,235000,1,1.0,CHI - Lincoln Park,,,1972,56,,639,Active,,,http://www.redfin.com/IL/Chicago/1960-N-Lincoln-Park-W-60614/unit-2611/home/13345266,MRED,11195527,N,Y,41.918107,-87.636887
MLS Listing,,Condo/Co-op,2549 N Clark St Unit G,Chicago,IL,60614,195000,1,1.0,CHI - Lincoln Park,,,,56,,268,Active,,,http://www.redfin.com/IL/Chicago/2549-N-Clark-St-60614/unit-G/home/18935984,MRED,11195452,N,Y,41.9291757,-87.6422153
MLS Listing,,Condo/Co-op,2020 N Lincoln Park West Ave Unit 9B,Chicago,IL,60614,189000,0,1.0,CHI - Lincoln Park,550,,1974,57,344,493,Active,,,http://www.redfin.com/IL/Chicago/2020-N-Lincoln-Park-W-60614/unit-9B/home/13348224,MRED,11177653,N,Y,41.9188778,-87.6366791
MLS Listing,,Condo/Co-op,2643 N Southport Ave Unit 2R,Chicago,IL,60614,299000,2,1.5,CHI - Lincoln Park,,,,57,,218,Active,,,http://www.redfin.com/IL/Chicago/2643-N-Southport-Ave-60614/unit-2R/home/176155295,MRED,11194362,N,Y,41.9301078,-87.6632228
MLS Listing,,Condo/Co-op,1532 W Wrightwood Ave #2,Chicago,IL,60614,780000,3,2.0,CHI - Lincoln Park,1700,,2008,57,459,286,Active,,,http://www.redfin.com/IL/Chicago/1532-W-Wrightwood-Ave-60614/unit-2/home/45510831,MRED,11194332,N,Y,41.9290293,-87.6671876
MLS Listing,,Condo/Co-op,1660 N Dayton St #1,Chicago,IL,60614,1099900,4,2.5,CHI - Lincoln Park,2400,,2018,58,458,253,Active,October-16-2021 02:00 PM,October-16-2021 04:00 PM,http://www.redfin.com/IL/Chicago/1660-N-Dayton-St-60614/unit-1/home/144040717,MRED,11193837,N,Y,41.9126761,-87.6498532
MLS Listing,,Condo/Co-op,2740 N Pine Grove Ave Unit 21D,Chicago,IL,60614,172500,0,1.0,CHI - Lincoln Park,600,,1974,58,288,295,Active,,,http://www.redfin.com/IL/Chicago/2740-N-Pine-Grove-Ave-60614/unit-21D/home/13368496,MRED,11193641,N,Y,41.9321222,-87.641502
MLS Listing,,Condo/Co-op,431 W Eugenie St Unit 1H,Chicago,IL,60614,1050000,3,2.5,CHI - Lincoln Park,2538,,1928,59,414,816,Active,,,http://www.redfin.com/IL/Chicago/431-W-Eugenie-St-60614/unit-1H/home/105289518,MRED,11191999,N,Y,41.9122837,-87.6401713
MLS Listing,,Single Family Residential,846 W Chalmers Pl,Chicago,IL,60614,1300000,6,4.0,CHI - Lincoln Park,5300,2435,,59,245,193,Active,,,http://www.redfin.com/IL/Chicago/846-W-Chalmers-Pl-60614/home/13353164,MRED,11191974,N,Y,41.9248554,-87.650558
MLS Listing,,Multi-Family (2-4 Unit),1622 N Sedgwick St,Chicago,IL,60614,1875000,6,4.0,CHI - Lincoln Park,,,1886,60,,,Active,,,http://www.redfin.com/IL/Chicago/1622-N-Sedgwick-St-60614/home/12682878,MRED,11190958,N,Y,41.9117429,-87.6389098
MLS Listing,,Condo/Co-op,916 W Wrightwood Ave #1,Chicago,IL,60614,819000,3,2.5,CHI - Lincoln Park,2500,,2005,60,328,174,Active,,,http://www.redfin.com/IL/Chicago/916-W-Wrightwood-Ave-60614/unit-1/home/12590015,MRED,11190784,N,Y,41.9292598,-87.6520826
MLS Listing,,Condo/Co-op,1827 N Larrabee St #2,Chicago,IL,60614,825000,3,2.0,CHI - Lincoln Park,1900,,2014,60,434,231,Active,,,http://www.redfin.com/IL/Chicago/1827-N-Larrabee-St-60614/unit-2/home/113096036,MRED,11178577,N,Y,41.9153294,-87.6432946
MLS Listing,,Condo/Co-op,2135 N Southport Ave #202,Chicago,IL,60614,449000,3,2.0,CHI - Lincoln Park,,,1994,60,,368,Active,,,http://www.redfin.com/IL/Chicago/2135-N-Southport-Ave-60614/unit-202/home/12792741,MRED,11190526,N,Y,41.9210369,-87.6628701
MLS Listing,,Condo/Co-op,2350 N Orchard St #502,Chicago,IL,60614,2575000,3,3.0,CHI - Lincoln Park,2573,,2020,61,1001,1454,Active,,,http://www.redfin.com/IL/Chicago/2350-N-Orchard-St-60614/unit-502/home/173689212,MRED,11190213,N,Y,41.9251034,-87.646382
MLS Listing,,Townhouse,2644 N Southport Ave,Chicago,IL,60614,860000,4,3.5,Embassy Club,2610,,1991,62,330,225,Active,,,http://www.redfin.com/IL/Chicago/2644-N-Southport-Ave-60614/home/13363310,MRED,11189772,N,Y,41.9301866,-87.663714
MLS Listing,,Condo/Co-op,2020 N Lincoln Park West Unit 7G,Chicago,IL,60614,310000,1,1.0,CHI - Lincoln Park,829,,1974,62,374,890,Active,,,http://www.redfin.com/IL/Chicago/2020-N-Lincoln-Park-W-60614/unit-7G/home/13347582,MRED,11189761,N,Y,41.9188778,-87.6366791
MLS Listing,,Condo/Co-op,2626 N Lakeview Ave #2009,Chicago,IL,60614,209000,1,1.0,CHI - Lincoln Park,,,1968,63,,859,Active,,,http://www.redfin.com/IL/Chicago/2626-N-Lakeview-Ave-60614/unit-2009/home/13367472,MRED,11189725,N,Y,41.930388,-87.639456
MLS Listing,,Condo/Co-op,2715 N Southport Ave Unit 3S,Chicago,IL,60614,595000,2,2.0,CHI - Lincoln Park,,,2001,63,,230,Active,,,http://www.redfin.com/IL/Chicago/2715-N-Southport-Ave-60614/unit-3S/home/12740856,MRED,11189209,N,Y,41.9312435,-87.6631407
MLS Listing,,Condo/Co-op,2020 N Lincoln Park West Unit 3K,Chicago,IL,60614,269900,1,1.0,CHI - Lincoln Park,750,,1974,63,360,680,Active,,,http://www.redfin.com/IL/Chicago/2020-N-Lincoln-Park-W-60614/unit-3K/home/13348295,MRED,11189026,N,Y,41.9188778,-87.6366791
MLS Listing,,Condo/Co-op,2040 N Burling St #2,Chicago,IL,60614,760000,2,2.0,CHI - Lincoln Park,,,2016,64,,314,Active,October-17-2021 10:00 AM,October-17-2021 12:00 PM,http://www.redfin.com/IL/Chicago/2040-N-Burling-St-60614/unit-2/home/167585238,MRED,11188115,N,Y,41.9193929,-87.6476177
MLS Listing,,Single Family Residential,1907 N Halsted St,Chicago,IL,60614,750000,3,2.5,CHI - Lincoln Park,2200,,1891,64,341,198,Active,,,http://www.redfin.com/IL/Chicago/1907-N-Halsted-St-60614/home/13346994,MRED,11188031,N,Y,41.916274,-87.6482831
MLS Listing,,Condo/Co-op,2239H N Lincoln Ave Unit G-1,Chicago,IL,60614,529000,3,2.0,Lincoln Park Terrace,1500,,,64,353,378,Active,,,http://www.redfin.com/IL/Chicago/2239-N-Lincoln-Ave-60614/unit-G-1/home/12651309,MRED,11187230,N,Y,41.9230288,-87.6448672
MLS Listing,,Condo/Co-op,1929 N Howe St Unit 2W,Chicago,IL,60614,229900,1,1.0,CHI - Lincoln Park,,,1927,64,,226,Active,,,http://www.redfin.com/IL/Chicago/1929-N-Howe-St-60614/unit-2W/home/12577600,MRED,11187185,N,Y,41.9168771,-87.6445068
MLS Listing,,Multi-Family (2-4 Unit),1615 N Mohawk St,Chicago,IL,60614,800000,5,3.0,CHI - Lincoln Park,,,,66,,,Active,,,http://www.redfin.com/IL/Chicago/1615-N-Mohawk-St-60614/home/13345967,MRED,11091452,N,Y,41.911505,-87.641994
